fund_code,A,B,C,D,E,F,G,H,I,J,K,L,M,N,O,P,Q,R,S,X
000082,2067.6316650000003,23435.38126,136493.269046,6597.946983,321.59916,288.236459,4817.321401,0.0,3609.8142110000003,283157.45198400004,15793.275773000001,1903.9176349999998,1994.355287,1054.641413,0.0,3268.7216820000003,2080.53516,997.0114000000001,0.0,0.0
000309,0.0,0.0,74432.779695,0.0,0.0,1.0,3225.139216,0.0,12812.590708000002,499833.16838199995,0.0,0.0,13444.021241,4.034308,0.0,0.0,0.0,0.0,0.0,0.0
000326,2739.298224,11663.589924000002,69730.483552,0.0,0.0,3765.656243,6454.4348199999995,0.0,5088.097223000001,13431.581776000003,18023.838192000003,7266.416384,2796.0806420000004,2348.471739,0.0,0.0,0.0,0.0,0.0,0.0
000409,0.0,0.0,172074.069151,0.0,0.0,0.0,0.0,0.0,6874.534368999999,724.088535,0.0,1191.0100549999997,2.28747,0.5947,0.0,0.0,0.0,0.0,0.0,0.0
000411,1015.0191810000001,36151.57372,204800.64259700006,13080.918735,10073.792575,1002.2433749999999,1129.8773849999998,0.0,1299.4635429999998,428472.38578000007,3939.2405360000002,16218.307881,2771.720349,0.0,0.0,0.0,1146.7908430000002,0.0,0.0,0.0
000418,0.0,0.0,250003.804557,0.0,0.0,0.0,5928.5472500000005,0.0,2124.2628699999996,180105.69806400003,0.0,0.0,11.393434000000001,5.419911000000001,0.0,0.0,2937.393109,0.0,0.0,0.0
000457,3571.363785,0.0,92860.04817700002,0.0,0.0,2133.7382559999996,2546.0032709999996,0.0,824.71226,1393630.078953,28830.00698,0.0,0.0,11.04,0.0,0.0,0.0,11215.700900999998,0.0,0.0
000471,0.0,0.0,181756.65861699998,48190.775064,0.0,1501.09915,8930.623379999999,4120.48624,302.93663200000003,235618.79221,22422.223145999997,9675.922918,4.8,623.74433,0.0,0.0,1084.390736,4759.463821,0.0,0.0
000513,0.0,12481.887844999997,132613.643277,0.0,0.0,0.0,8839.494569999999,0.0,1005.5480000000001,78499.02125800001,0.0,58403.187662000004,3619.752863,0.0,0.0,0.0,675.446772,496.79186000000004,0.0,0.0
000524,0.0,0.0,241887.81577000002,0.0,0.0,0.0,0.0,0.0,770.4162529999999,100224.746521,0.0,3280.1588399999996,9907.924628,0.8667,0.0,0.0,12446.98436,0.720741,0.0,0.0
000549,2414.769615,197.858828,136913.684889,269.75665200000003,35.109353,684.835415,2192.277216,460.118963,13385.088296,49023.44095,249.470188,2741.634857,44.528736,1151.154093,0.0,0.0,234.855234,3935.6281010000002,1013.7541490000001,0.0
000577,0.0,0.0,181723.361624,0.0,114144.99448000002,3580.9964400000003,0.0,0.0,10941.420084,63980.8449,49553.702262000006,0.0,0.0,0.0,0.0,0.0,0.0,0.0,0.0,0.0
000586,0.0,0.0,51536.625460999996,0.0,0.0,0.0,0.0,0.0,16154.623859000001,240.320652,0.0,0.0,0.0,2.7174110000000002,0.0,0.0,0.0,11.40909,0.0,0.0
000592,0.0,6968.258352,110509.49118499999,0.0,0.0,0.0,0.0,0.0,2080.5681,1110.269087,0.0,8298.020874999998,6322.330506000001,2.235297,0.0,0.0,1692.61799,0.0,0.0,0.0
000594,0.0,70739.08476999999,250987.134297,0.0,0.0,0.0,0.0,0.0,3.098701,81618.50925,0.0,72361.949879,0.0,0.0,0.0,0.0,0.0,0.0,0.0,0.0
000628,1007.9686980000001,41600.0,155695.13826799998,2224.591359,0.0,1043.150438,0.0,0.0,881.759403,15700.890326,233.354644,49.097408,0.0,1.1196799999999998,0.0,0.0,0.0,117.89393,0.0,0.0
000688,0.0,21000.0,256948.00316799994,0.0,10605.95,116.12411999999999,273.38643,0.0,10268.468859999999,345241.414361,7202.993963999999,23632.571148000003,1029.216594,0.0,0.0,0.0,3728.7166319999997,409.486825,0.0,0.0
000696,0.0,0.0,148564.963006,0.0,0.0,0.0,0.0,0.0,6227.9799920000005,0.0,0.0,0.0,1.009334,2588.510098,0.0,0.0,3709.3662,0.0,0.0,0.0
000697,0.0,0.0,125996.69833300001,0.0,0.0,0.0,11482.23006,0.0,37459.280535000005,86277.14226,0.0,6814.139494999999,0.0,0.0,0.0,0.0,0.0,9900.145268,0.0,0.0
000711,0.0,0.0,91884.96823200001,0.0,0.0,6174.467039,0.0,0.0,0.6,0.0,0.0,0.0,9060.573449000001,0.0,0.0,0.0,2709.347984,0.0,0.0,0.0
000729,7293.1007819999995,0.0,75540.310247,0.0,0.0,0.0,0.0,0.0,2509.493361,3185.989554,0.0,3299.6835949999995,0.0,22.777904999999997,0.0,0.0,5371.188663999999,18948.795805,0.0,0.0
000746,0.0,0.0,106650.967464,0.0,0.0,0.0,0.0,0.0,0.0,0.0,0.0,0.0,0.0,0.0,0.0,0.0,5332.282005,0.0,0.0,0.0
000751,0.0,0.0,83347.32343799998,0.0,0.0,0.0,3781.8456149999997,0.0,16357.963552000001,0.0,0.0,0.0,8941.778709,0.0,0.0,0.0,2985.5433800000005,0.0,0.0,0.0
000756,7180.320873000001,0.0,91569.757002,0.0,0.0,1.8528,0.0,0.0,2558.4671999999996,0.0,0.0,10953.387555,0.0,0.8667,0.0,0.0,0.0,18909.26232,0.0,0.0
000761,0.0,25982.70531,184226.645839,0.0,0.0,1681.592664,0.0,1508.762181,553.7425049999999,229239.17499800003,16686.700369,0.0,294.06188399999996,1.316897,0.0,0.0,1978.32864,2131.79913,0.0,319070.43085611
000778,0.0,0.0,283128.8631390001,0.0,0.0,0.0,0.0,0.0,1220.5481599999998,309310.763076,31019.344973999996,0.0,0.0,1.316897,0.0,0.0,0.0,0.0,0.0,0.0
000780,0.0,0.0,71479.186447,0.0,0.0,4035.751848,0.0,0.0,44.011,724.088535,0.0,0.0,30395.211125,0.0,0.0,0.0,46712.452624,0.0,0.0,0.0
000793,0.0,33910.807742000005,126647.584607,0.0,0.0,0.0,0.0,0.0,42.82952,0.0,0.0,0.0,1676.1576249999998,0.0,0.0,0.0,0.0,0.0,0.0,0.0
000803,0.0,122526.28680499998,52691.534012,0.0,195557.23319000003,1.9264000000000001,0.0,0.0,6.824522,652893.90413,0.0,0.0,0.76,0.8667,0.0,0.0,0.0,0.0,0.0,0.0
000828,0.0,45358.40526000001,107201.042767,0.0,0.0,0.0,0.0,0.0,1.804,0.0,0.0,976.2377499999999,0.0,0.0,0.0,0.0,0.0,0.0,0.0,0.0
000831,0.0,0.0,80937.69794499999,0.0,0.0,0.0,0.0,0.0,48.70112000000001,0.0,0.0,0.0,19105.327051,0.0,0.0,0.0,2618.9631,0.0,0.0,0.0
000854,0.0,0.0,94393.057066,0.0,0.0,746.5122,0.0,0.0,8200.031392,60467.77091299999,0.0,0.0,931.195966,19.320000000000004,0.0,0.0,39566.572799999994,0.0,0.0,0.0
000866,671.979132,47449.292400000006,409663.342033,0.0,137645.43452,1.0,1.333333,0.0,116.87824200000001,52098.68799,87478.84940100001,0.0,379.92125,8856.57388,0.0,0.0,0.0,0.0,0.0,0.0
000867,0.0,28530.02936,132995.57788599998,0.0,0.0,1.0,0.0,0.0,6.315223,65003.953217,1.0,12554.417464999999,0.76,0.0,0.0,0.0,14500.071324000002,0.0,0.0,0.0
000884,112.779909,0.0,225119.19624299998,0.0,0.0,1251.291828,2666.9064570000005,0.0,1680.5785660000001,107224.99659,0.0,4158.772815,0.0,2.7174110000000002,0.0,0.0,0.0,0.0,0.0,0.0
000893,0.0,0.0,113175.45310500001,0.0,13896.904761999998,18096.542916000002,10680.0247,0.0,89335.536488,1216025.7451499999,85342.742367,0.0,0.0,0.0,0.0,0.0,0.0,5028.799999999999,0.0,0.0
000913,0.0,0.0,43763.004705999985,0.0,0.0,0.0,0.0,0.0,165.9519,0.0,0.0,0.0,18537.530689,0.0,0.0,0.0,35181.28386,0.0,0.0,0.0
000916,5520.030875,127354.719802,196904.866513,49297.272452,42901.72153600001,8564.598421,38895.426961000005,0.0,1070.0522650000003,1042013.940278,53529.63197100001,1347.2080949999997,0.76,4.1629000000000005,0.0,0.0,0.0,7438.04941,0.0,0.0
000925,1503.7321200000004,12736.62025,132544.073526,0.0,0.0,105.06468,0.0,0.0,113.52279,114079.10806800002,11131.628769,27732.550767,5881.23768,364.401907,0.0,0.0,11375.857699999999,1176.6123,0.0,0.0
000955,12631.349808,0.0,117780.379017,0.0,0.0,0.0,796.8,0.0,328.57486600000004,9612.82608,0.0,126273.82928200002,1282.8903189999999,3732.4132780000004,0.0,4502.201561999999,8302.43618,9134.057315999999,0.0,0.0
000960,0.0,0.0,74669.42549200001,0.0,0.0,6033.046627999999,0.0,0.0,19.298801,0.0,0.0,0.0,15651.098947999999,0.0,0.0,0.0,9416.674792,0.0,0.0,0.0
000971,0.0,22054.057200000003,64739.598828,0.0,0.0,770.5868039999998,0.0,0.0,26610.989245999997,40232.785625,75.02336600000001,17748.002295,11046.437550999999,0.0,0.0,0.0,4267.922814,0.0,0.0,0.0
000974,0.0,0.0,144069.847137,0.0,408320.1456950001,4837.999272,0.0,0.0,14649.005975,0.0,75168.41792400001,0.0,0.0,1.7841,0.0,0.0,0.0,0.720741,0.0,0.0
000978,8.841017999999998,10862.425792,109174.376566,10379.382905999999,12018.200221,2248.2553479999997,8699.568795,39.50862,2835.8122529999996,23237.35216,4232.900465,9053.2002,41.39143,306.81232200000005,0.0,1850.2198199999998,968.263406,2216.6015730000004,1205.55892,0.0
000979,0.0,0.0,31740.390599000002,27205.267224,0.0,3309.4196050000005,12037.446331,0.0,0.0,0.0,0.0,0.0,0.0,0.0,0.0,0.0,918.9752000000001,24338.792,0.0,364977.75083849
000985,0.0,0.0,164619.98206800004,0.0,0.0,4775.219468000001,0.0,4849.683105,4394.47739,0.0,0.0,0.0,0.0,0.0,0.0,0.0,0.0,5822.192511,0.0,0.0
000991,0.0,0.0,18120.700478000002,0.0,402025.38497,8110.3018,2611.486336,0.0,3991.6091679999995,773443.615354,338.14860000000004,33172.009478,32.298688,419.734233,0.0,0.0,0.0,4245.487644000001,0.0,0.0
000996,0.0,0.0,230435.116232,0.0,0.0,0.0,36269.26638,0.0,13278.398385,0.0,0.0,0.0,0.0,0.0,0.0,0.0,3058.9056,0.0,0.0,0.0
001008,0.0,2716.62,158972.49853799999,0.0,0.0,0.0,0.0,0.0,5547.918360999999,88244.91823899999,0.0,0.0,415.73355599999996,0.0,0.0,0.0,0.0,0.0,0.0,0.0
001009,381.921387,12227.155439999997,101977.98726700002,124762.380216,0.0,0.0,0.0,0.0,147.52,38096.619355,0.0,28656.421015,9851.073113999999,0.0,0.0,1788.5458259999996,16365.159894999999,36.328291,0.0,0.0
001028,2960.718623,239.578874,154222.55027,515.886576,7570.78167,987.3882290000001,1891.3882279999998,0.0,13283.605345999998,46923.33186099999,581.886788,3448.2985150000004,65.401581,654.543179,0.0,0.0,273.99777300000005,5281.862031000001,290.922625,0.0
001036,0.0,0.0,160332.535516,0.0,0.0,29.232624,6834.660749999999,0.0,17803.450911000004,0.0,0.0,0.0,7093.478082,2.235297,0.0,0.0,541.8815999999999,0.0,0.0,0.0
001039,0.0,0.0,185416.52777099996,0.0,0.0,0.0,0.0,0.0,7851.147664,24257.39775,0.0,0.0,5494.94781,31.630621,0.0,0.0,1906.8735400000003,0.0,0.0,0.0
001040,0.0,0.0,127847.954915,0.0,0.0,0.0,0.0,0.0,565.441861,965.4513800000001,17727.856455999998,0.0,160.507105,40.317411,0.0,0.0,0.0,165.43180500000003,0.0,0.0
001042,0.0,0.0,108120.796323,0.0,0.0,1.0,1.333333,0.0,23703.087718000002,7860.503801999999,1.0,2757.5246599999996,929.0169030000002,12.639679999999998,0.0,0.0,6264.70736,5020.6645499999995,0.0,0.0
001043,0.0,10189.2962,125950.13984200002,0.0,0.0,762.470813,0.0,0.0,2365.975834,217064.142329,27134.687507000002,5577.594514,3309.11911,1.316897,0.0,0.0,1960.216739,4.749497,0.0,0.0
001044,0.0,0.0,195156.92243900002,0.0,0.0,12744.549359,6900.964131,0.0,10.750701,0.0,0.0,0.0,0.0,0.0,0.0,0.0,0.0,1106.1039,0.0,0.0
001047,0.0,0.0,236680.130869,0.0,0.0,0.0,17041.08747,0.0,9120.924132,215741.57785,57165.31605600001,0.0,108.32812,3.6358110000000003,0.0,0.0,0.0,12712.616090999998,0.0,0.0
001048,0.0,0.0,103601.410884,0.0,0.0,0.0,0.0,1776.273206,9128.767228,10139.852343000002,0.0,20842.590026,7632.4144590000005,0.0,0.0,4687.2235439999995,8284.092308,1124.3184199999998,0.0,0.0
001050,1278.1723020000002,26329.346432,83426.754527,5666.422919999999,2068.0971720000002,5657.308122,426.98643000000004,306.19180500000004,3068.3015900000005,133661.166097,3718.186873,2606.6800170000006,1249.155519,2468.5338570000004,0.0,1295.1538739999999,1261.302045,1754.703007,154.75284,0.0
001054,0.0,114629.58224999999,144361.630793,0.0,0.0,0.0,0.0,0.0,0.0,151454.852522,0.0,1614.566833,2.534314,0.0,0.0,0.0,0.0,0.0,0.0,0.0
001070,0.0,0.0,153993.74371100002,0.0,0.0,0.0,0.0,0.0,8148.194603999999,32648.558746000002,0.0,11174.672150999999,0.0,2.7174110000000002,0.0,2837.003724,0.0,2083.041675,0.0,0.0
001072,0.0,0.0,151267.36086500002,0.0,0.0,0.0,24692.18584,0.0,2320.918959,5960.0168060000005,0.0,9430.456665,345.925319,6.6036399999999995,0.0,0.0,0.0,0.0,0.0,0.0
001097,0.0,0.0,119115.47972400002,0.0,0.0,0.0,0.0,0.0,26459.528957000002,0.0,0.0,0.0,5461.645096,5.096211,0.0,5118.941501999999,0.0,7335.876041,0.0,0.0
001104,0.0,0.0,173466.64159999997,0.0,0.0,0.0,2928.976768,0.0,854.978004,2194.939217,0.0,36862.308363,2646.5569560000004,1.1196799999999998,0.0,2775.32973,22880.505609999997,0.0,0.0,0.0
001105,2195.2867779999997,1320.003981,270400.933927,349.12031200000007,305.9807,1860.4911809999996,191.50449899999998,62.55607400000001,3983.6400030000004,1597.0294479999998,293.39198700000003,9147.310629,0.0,0.0,0.0,123.34798799999999,13786.177575000002,17.803775,0.0,0.0
001126,0.0,0.0,212750.20258200003,52306.276159999994,0.0,0.0,7108.04718,0.0,1593.285069,0.0,0.0,16967.012095,12111.954358,10.42728,0.0,0.0,6383.740379999999,0.0,0.0,0.0
001158,0.0,159937.385823,228735.019125,4524.9072240000005,0.0,0.0,0.0,0.0,10352.146112000002,386.18055200000003,0.0,0.0,0.0,0.0,0.0,0.0,0.0,0.0,0.0,0.0
001162,12938.131513999999,78013.33168,530879.6137939999,71270.674783,71760.272265,0.0,3429.985952,0.0,152268.199703,1512084.289812,28579.621212,0.0,21.6,0.0,0.0,0.0,0.0,0.0,0.0,0.0
001163,3434.8011939999997,1247.9335500000002,214828.56343899996,0.0,0.0,0.0,18316.890809999997,0.0,5577.003887999998,92029.41811900001,0.0,36254.364341,0.0,179.150454,0.0,0.0,0.0,0.0,0.0,0.0
001166,0.0,0.0,152071.34075200002,13216.649916999999,0.0,0.0,0.0,0.0,29577.56032,0.0,0.0,0.0,0.0,2622.113658,0.0,0.0,0.0,0.0,0.0,0.0
001167,0.0,25727.972904999995,145815.954726,0.0,0.0,0.0,0.0,0.0,466.24576699999994,73028.247129,0.0,4783.564975,454.978104,3.3590399999999994,0.0,0.0,10015.28874,0.720741,0.0,0.0
001171,0.0,0.0,79297.65627899997,0.0,0.0,4896.777674999999,0.0,0.0,4641.218484,289.63541399999997,0.0,0.0,18747.248650999998,47.92,0.0,0.0,294.9888,0.0,0.0,0.0
001178,0.0,70051.411375,100045.37163899999,0.0,0.0,0.0,0.0,877.4361620000001,7765.703906000001,246428.758968,30369.848807999995,57767.967734,0.0,0.0,0.0,0.0,0.0,0.0,0.0,0.0
001186,5973.14784,0.0,99502.146134,0.0,0.0,0.0,38228.535795,5371.621381999999,0.0,66797.81545299999,28165.528332,1133.7072,0.0,2445.7726810000004,0.0,0.0,0.0,13228.204824999999,0.0,0.0
001188,0.0,0.0,203888.47390299995,0.0,0.0,1114.8455519999998,0.0,0.0,5812.7561670000005,1496.449639,0.0,6208.872090000001,16276.470917999999,4.034308,0.0,0.0,0.0,0.720741,0.0,0.0
001193,0.0,0.0,244783.23298499998,0.0,0.0,0.9264,0.0,0.0,3094.954298,86548.98770099999,0.0,7848.951509999998,2671.0621130000004,0.8667,0.0,0.0,3750.5813799999996,0.0,0.0,0.0
001195,40845.543852,0.0,163552.75622199997,0.0,0.0,0.0,14479.763559999996,0.0,155.38184900000002,12941.190167,18394.518279000004,26713.742146,950.2481279999998,0.0,0.0,0.0,0.0,0.0,0.0,0.0
001208,174.21681200000003,42518.6328,51905.232102999995,11830.188956999998,210195.79392900004,112.28000000000002,44969.68139799999,0.0,567.143198,578604.87272,130131.577035,0.0,0.0,245.34396800000002,0.0,0.0,0.0,999.3167569999999,0.0,0.0
001223,0.0,0.0,48392.20348699999,22514.440608,0.0,1.0,0.0,3166.475372,38417.449800999995,58499.416716,0.0,154956.552827,3896.3199630000004,2.7174110000000002,0.0,0.0,0.0,26751.254953000003,0.0,0.0
001230,0.0,0.0,72348.60323899999,0.0,0.0,2639.1314109999994,0.0,0.0,115.53472000000002,482.72569000000004,0.0,0.0,27191.65331,11.634699999999999,0.0,0.0,43977.54984,0.0,0.0,0.0
001236,0.0,106223.412885,159571.399975,44460.0,0.0,0.0,0.0,0.0,1450.407428,0.0,6275.334117999999,0.0,0.0,2.7174110000000002,0.0,0.0,0.0,0.0,0.0,0.0
001245,0.0,3061.810488,179361.003177,0.0,0.0,0.0,0.0,0.0,789.557577,675.815966,0.0,0.0,2289.4692339999997,0.0,0.0,0.0,0.0,0.0,0.0,0.0
001277,1541.325423,41916.669524000004,135483.1657,5676.549666000001,133293.58274,324.0804,3923.0493439999996,0.0,1734.5051480000002,481518.093289,3260.383384,19058.28823,3260.367959,1731.8466920000005,0.0,2096.915796,5062.4703420000005,218.351041,0.0,0.0
001291,3571.363785,16319.747084999997,199032.55579,19557.998912,0.0,1.0,10625.149918000001,0.0,2283.391286,373489.85653700004,11153.022911999999,2596.792415,3013.2230790000003,294.06337300000007,0.0,0.0,2879.19555,1103.83405,0.0,0.0
001313,0.0,4535.840526,139822.91857600003,0.0,0.0,0.0,9477.39624,0.0,3.384,54527.350281,0.0,10094.298335,11664.454731999998,5.269131,0.0,801.7619219999999,13197.582435,142.4302,0.0,0.0
001319,0.0,0.0,249360.33535900002,0.0,0.0,0.0,0.0,0.0,27571.098661,19121.163030000003,0.0,88801.175815,0.0,0.0,0.0,0.0,0.0,6010.769875,0.0,0.0
001396,0.0,0.0,235060.207386,0.0,0.0,1120.83814,0.0,0.0,48.54154,0.0,0.0,9469.506174999999,0.0,2.7174110000000002,0.0,0.0,0.0,248.655645,0.0,0.0
001404,0.0,0.0,142321.795268,0.0,0.0,0.0,0.0,0.0,410.24155999999994,0.0,1.0,0.0,0.0,1.316897,0.0,0.0,0.0,0.720741,0.0,0.0
001409,157.914,0.0,185504.383484,0.0,0.0,1175.2266419999999,0.0,0.0,8820.036316,59399.40394800001,0.0,57537.290776,4145.151339,0.0,0.0,0.0,355.9104,3649.7738749999994,0.0,0.0
001410,0.0,57021.349043999995,234698.28731299998,805.4949,1529.9035000000001,633.1782720000001,13593.092284999999,0.0,2385.832915,5296.6739099999995,119.694933,0.0,7.092117999999999,4.21365,0.0,61.67399399999999,0.0,85.662913,0.0,0.0
001416,349.82144900000003,24667.434233999997,168123.981754,7027.619171999999,0.0,71.88636,1996.704113,10.700441000000001,2452.9255,304473.683349,0.0,3690.82339,2447.4027140000003,0.0,0.0,2405.285766,7816.729008999998,124.62642500000001,0.0,0.0
001421,1316.9703,6644.106191,96893.791048,0.0,0.0,1.0,1.333333,0.0,14696.618416000001,128608.682726,0.0,18221.280192,0.76,2.7174110000000002,0.0,0.0,0.0,0.720741,0.0,0.0
001473,0.0,0.0,150887.27448299996,0.0,0.0,0.0,0.0,0.0,5053.951804,3245276.1149390005,104336.16156600001,0.0,0.0,3.6358110000000003,0.0,0.0,0.0,0.0,0.0,0.0
001476,0.0,14471.491202000003,252692.75349799995,0.0,0.0,15247.367384,15079.220915999998,0.0,11228.760295999999,0.0,0.0,17319.898754,0.0,1138.702356,0.0,0.0,0.0,29.336084000000007,0.0,0.0
001482,0.0,0.0,235200.541602,0.0,0.0,0.0,0.0,0.0,655.091031,91534.167266,0.0,9274.258624999999,8062.196653,405.723087,0.0,0.0,16032.705020000001,0.0,0.0,0.0
001490,526.78812,0.0,104380.66525300001,0.0,0.0,0.0,224.926088,2364.797461,3212.720409,499478.438664,5804.520648,13849.338805,10249.825557,479.79839,0.0,0.0,1037.435933,1830.2857999999999,0.0,0.0
001496,0.0,0.0,149029.869575,0.0,0.0,0.0,0.0,0.0,820.9183699999999,2268.810743,0.0,88654.39701200002,9769.883097,0.0,0.0,0.0,4981.880785,4468.747525,0.0,0.0
001520,0.0,23435.38126,197656.96315099997,0.0,0.0,863.63632,4721.0480800000005,2064.325395,4901.299983,320759.8620990001,34853.1966,2362.4953549999996,12.76,13.188965000000001,0.0,0.0,0.0,0.0,0.0,0.0
001521,0.0,0.0,147280.133165,0.0,0.0,0.0,0.0,0.0,47.145003,1592.994777,0.0,0.0,0.0,2.7174110000000002,0.0,0.0,0.0,1.441482,0.0,0.0
001528,0.0,0.0,388455.09727599996,0.0,11740.54,1.0,1.333333,0.0,61979.828670999996,104524.99054,1.0,0.0,0.76,4.4306909999999995,0.0,0.0,0.0,0.720741,0.0,0.0
001541,0.0,8782.183684,88138.563091,0.0,0.0,0.0,0.0,0.0,17402.008286,654693.9491130001,922.501107,3241.1093299999998,0.0,2.7174110000000002,0.0,0.0,0.0,11543.92123,0.0,0.0
001542,0.0,0.0,105503.82558100001,0.0,0.0,0.0,0.0,0.0,37250.775953000004,18839.120208,0.0,8063.723814999999,5930.247994,0.0,0.0,308.36996999999997,0.0,0.0,0.0,0.0
001576,0.0,0.0,219933.102923,0.0,0.0,0.0,0.0,0.0,7124.711676000002,0.0,0.0,0.0,0.0,0.0,0.0,0.0,0.0,0.0,0.0,0.0
001577,0.0,0.0,245085.73245399998,0.0,6294.760725,6211.823725,1887.913162,0.0,31.683429000000004,372298.831326,88331.10844000001,0.0,0.0,0.0,0.0,0.0,0.0,0.0,0.0,0.0
001579,38745.775630000004,0.0,140024.791974,0.0,0.0,0.0,0.0,0.0,31.763659999999998,965.4513800000001,1.0,0.0,8.0136,0.0,0.0,0.0,0.0,0.0,0.0,0.0
001583,0.0,10200.0,68501.047384,1412.577216,278633.0582950001,1599.5048160000003,20.271352,0.0,12829.311672,604244.8506369999,226383.649674,0.0,0.0,353.6904,0.0,70.65762,0.0,0.0,0.0,637.47659677
001605,0.0,0.0,91751.40370899999,0.0,0.0,0.0,781.017039,829.68102,877.036272,36879.66779700001,0.0,0.0,0.0,0.0,0.0,0.0,0.0,0.0,0.0,560682.6845883902
001616,0.0,22679.202630000003,104301.439439,0.0,2871.193809,0.0,0.0,0.0,6269.312899999999,0.0,0.0,0.0,0.0,0.0,0.0,0.0,0.0,0.0,0.0,0.0
001626,0.0,27256.367335000003,174550.39066499998,0.0,0.0,0.0,0.0,0.0,46.317369,132560.024599,0.0,0.0,0.0,7.196130999999999,0.0,0.0,0.0,0.0,0.0,0.0
001628,0.0,0.0,154502.138362,0.0,0.0,3345.7956959999997,0.0,0.0,29241.941709999996,51190.032960000004,0.0,0.0,0.0,276.8,0.0,0.0,4118.12212,133.16729999999998,0.0,0.0
001637,0.0,32060.668932999997,133178.16125900001,19844.912798,12161.367135000002,3093.688257,3711.225955,0.0,3193.6819379999997,312993.39607500006,9401.764375,2229.8193570000003,163.45774999999998,2055.990365,0.0,0.0,636.192059,1899.889177,0.0,0.0
001638,12938.131513999999,78013.33168,530879.6137939999,71270.674783,71760.272265,0.0,3429.985952,0.0,152268.199703,1512084.289812,28579.621212,0.0,21.6,0.0,0.0,0.0,0.0,0.0,0.0,0.0
001643,0.0,29928.960014,77840.85993199999,502.06568999999996,839.3014300000001,5590.526201999999,0.0,0.0,490.17551599999996,5743.3564320000005,1489.7341439999998,0.0,1.009334,124.823656,0.0,0.0,0.0,0.0,0.0,0.0
001644,0.0,29928.960014,77840.85993199999,502.06568999999996,839.3014300000001,5590.526201999999,0.0,0.0,490.17551599999996,5743.3564320000005,1489.7341439999998,0.0,1.009334,124.823656,0.0,0.0,0.0,0.0,0.0,0.0
001645,0.0,4444.014346,62529.362173999994,0.0,0.0,3666.326937,0.0,0.0,35.180845,434.45312099999995,7890.819039999999,0.0,0.0,0.0,0.0,0.0,36715.701582,0.0,0.0,0.0
001651,0.0,45956.367335,208701.40516199998,0.0,44579.388305,0.0,13623.757095,0.0,4377.125231999999,172530.11444699997,40894.417344,43593.30449100001,0.0,134.057084,0.0,0.0,0.0,0.0,0.0,0.0
001663,0.0,0.0,259433.438701,0.0,0.0,0.0,0.0,0.0,42549.536971,0.0,0.0,161.65249599999999,0.0,0.0,0.0,0.0,0.0,7086.987466,0.0,0.0
001672,0.0,0.0,214304.93351399997,0.0,0.0,0.0,0.0,0.0,34.823844,2268.810743,0.0,0.0,0.0,7.196130999999999,0.0,0.0,0.0,0.0,0.0,0.0
001677,0.0,0.0,123171.22123199998,0.0,0.0,503.20452,1217.614453,0.0,5.13522,27968.769342,16032.470435999998,19368.556959999998,0.0,2.235297,0.0,0.0,31818.118959999996,0.0,0.0,0.0
001678,0.0,138028.096808,81541.83497899999,8361.7898,0.0,47191.320218,10434.669476,0.0,1879.4779569999998,329945.458982,0.0,0.0,0.0,0.0,0.0,0.0,0.0,0.0,0.0,0.0
001685,0.0,0.0,37116.405573,0.0,0.0,0.0,11391.10125,0.0,5199.572184000001,23083.205820000003,0.0,0.0,0.0,0.0,0.0,0.0,24976.39908,0.0,0.0,222866.99303474
001692,0.0,0.0,186559.270203,0.0,0.0,1.0,1.333333,0.0,15564.799196000002,8440.87377,0.0,49380.489949,0.76,2.7174110000000002,0.0,0.0,2472.9107999999997,3774.4003000000002,0.0,0.0
001696,0.0,0.0,119287.131196,0.0,0.0,1.9264000000000001,1.333333,0.0,16.744037,104218.35848899999,0.0,4217.34708,3652.028393,2.7174110000000002,0.0,0.0,16456.739348,0.720741,0.0,0.0
001703,0.0,5391.0729360000005,46109.616969,0.0,0.0,0.0,0.0,0.0,244.463732,2751.5364329999998,0.0,3553.5054099999998,8872.903377,0.0,0.0,0.0,0.0,0.0,0.0,303605.52843751
001705,0.0,0.0,170028.01142199998,0.0,0.0,0.0,1484.6695740000002,0.0,1576.777312,146203.46348199996,34620.841956,0.0,7278.031629000001,0.0,0.0,0.0,0.0,0.0,0.0,0.0
001707,0.0,0.0,260950.416096,0.0,0.0,1.9264000000000001,1.333333,0.0,6.673220000000001,7578.7933330000005,0.0,0.0,0.76,1.3467,0.0,0.0,0.0,0.720741,0.0,0.0
001714,0.0,70486.432397,186212.899019,0.0,0.0,361.81036500000005,0.0,0.0,2334.341634,0.0,0.0,28181.530176,7297.083791,20.8,0.0,62.41423100000001,0.0,4611.177725,0.0,0.0
001717,0.0,0.0,83823.25705999997,0.0,0.0,36.785889,0.0,0.0,0.0,144.81770699999998,0.0,0.0,18908.271843000002,0.0,0.0,0.0,17210.86642,0.0,0.0,0.0
001718,0.0,117941.103515,111952.343002,0.0,23500.440040000005,0.0,6707.496154,454.34913,211.64419999999998,118581.412983,0.0,12769.755861,418.2379059999999,239.60002400000002,0.0,0.0,0.0,5779.2085480000005,0.0,0.0
001719,3110.601013,209104.19741999998,116630.544751,0.0,0.0,1.0,1.333333,0.0,6062.526574,373527.11225,0.0,0.0,0.76,0.48,0.0,0.0,0.0,0.0,0.0,0.0
001725,0.0,3627.3268520000006,193728.966508,0.0,0.0,0.0,4920.95574,0.0,14851.987515,196538.247171,4130.679002,0.0,8038.451496000001,0.0,0.0,0.0,0.0,0.0,0.0,0.0
001726,0.0,0.0,84169.569047,0.0,0.0,0.0,0.0,0.0,10542.194458,0.0,0.0,15756.477284999999,14629.578729,2.7174110000000002,0.0,0.0,0.0,15641.471150999998,0.0,0.0
001733,5079.588788999999,95725.558322,228496.585641,31934.867641,36386.115385,3739.375613,22630.950161,0.0,12766.659594000002,926226.733251,25248.75853999999,9417.297136000001,2058.0064150000003,1.8368,0.0,678.413934,2918.3355939999997,918.848101,0.0,0.0
001736,2227.486382,3665.7299519999997,202063.58331500005,0.0,0.0,0.0,8737.702368,0.0,5750.906860999999,52498.34283,29301.609807000004,0.0,255.33413,1842.6530619999999,0.0,0.0,643.2826399999999,0.0,0.0,0.0
001749,0.0,57314.791124999996,110666.24866299999,0.0,0.0,1607.0357279999998,15036.25365,0.0,4601.938482000001,296341.386986,0.0,0.0,0.0,68.034308,0.0,0.0,0.0,0.0,0.0,0.0
001764,0.0,0.0,12825.620031999999,0.0,0.0,636.525328,0.0,0.0,0.0,0.0,0.0,0.0,306.86175999999995,0.0,0.0,0.0,0.0,0.0,0.0,432132.37728315993
001766,0.0,0.0,29263.216884999994,0.0,0.0,1083.488052,6834.660749999999,0.0,2.7389010000000003,0.0,1.0,5525.505665,26678.388147000005,0.0,0.0,22634.355798,23002.870331000002,0.0,0.0,0.0
001781,0.0,0.0,156774.08815199998,0.0,0.0,0.0,0.0,0.0,4791.7212070000005,30059.846385000004,0.0,2733.4656999999993,920.5852799999999,0.0,0.0,0.0,0.0,0.0,0.0,0.0
001790,0.0,0.0,111507.93800000001,0.0,0.0,0.0,0.0,0.0,0.0,144.81770699999998,0.0,0.0,0.0,0.0,0.0,0.0,0.0,0.0,0.0,0.0
001825,0.0,0.0,200399.701111,0.0,0.0,0.0,0.0,0.0,5215.916126,0.0,0.0,0.0,0.0,0.0,0.0,0.0,0.0,0.0,0.0,0.0
001849,0.0,0.0,173338.187774,13343.37939,14521.748035,1329.852293,34129.305672999995,0.0,5605.051668,698308.8181179999,41758.564329,7014.617384,0.0,0.0,0.0,5057.267507999999,5194.3223370000005,2833.074048,0.0,0.0
001877,0.0,0.0,84743.60586200001,0.0,0.0,0.0,0.0,0.0,5.411999999999999,0.0,0.0,0.0,0.0,0.0,0.0,0.0,0.0,0.0,0.0,0.0
001878,0.0,0.0,132822.494204,0.0,0.0,965.6,0.0,0.0,7.266701,0.0,0.0,0.0,0.0,0.0,0.0,0.0,0.0,0.0,0.0,513044.09291451
001915,0.0,0.0,49765.364433,0.0,0.0,5216.279903999999,0.0,0.0,206.474202,0.0,0.0,0.0,5473.329874999999,0.0,0.0,0.0,8026.848199999999,0.720741,0.0,7957.374864779999
001917,0.0,0.0,90413.80756799999,360.254592,992.651707,803.8594499999999,1.333333,0.0,2628.785504,75581.27025100001,6737.0057799999995,0.0,2002.660004,5.914822000000001,0.0,0.0,958.003004,0.720741,86.177075,0.0
001938,0.0,0.0,275188.762927,0.0,0.0,0.0,23678.513552999997,0.0,20083.458332000002,145592.024541,48.680358999999996,0.0,269.55672699999997,0.0,0.0,0.0,796.5745899999998,5900.982815000001,0.0,0.0
001956,0.0,0.0,52593.534548999996,0.0,0.0,0.0,0.0,0.0,28466.446847,0.0,0.0,0.0,0.0,0.0,0.0,0.0,0.0,11590.257524999999,0.0,0.0
001974,225.559818,48101.292411,170541.81165400002,50542.96917699999,14292.450616,592.378236,10367.814443,0.0,1367.9621520000003,301531.4938220001,5626.508707999999,24870.201525999997,1217.3092649999999,2.7174110000000002,0.0,0.0,884.354405,628.5999999999999,0.0,0.0
001975,0.0,0.0,66468.25733,0.0,57.532,0.0,22918.895715000002,0.0,3965.1289810000003,59045.179722,0.0,0.0,0.0,347.762646,0.0,0.0,0.0,0.0,0.0,0.0
002121,89.688654,35.12916,1171.8738880000003,0.0,0.0,0.0,0.0,0.0,0.0,0.0,0.0,0.0,0.0,250.12554,0.0,0.0,0.0,0.0,0.0,655858.25682376
002168,0.0,0.0,64030.830631000004,0.0,0.0,0.0,0.0,0.0,4964.048323999999,0.0,0.0,0.0,4.0068,0.0,0.0,0.0,0.0,0.0,0.0,0.0
002210,0.0,20965.396349,72595.050096,251.818038,1025.029808,733.694367,210.678017,0.0,4149.153903000001,37702.634578,2055.606163,10218.23675,1794.502979,1424.041572,0.0,0.0,128.4334,1646.9246710000002,0.0,0.0
002229,0.0,0.0,134788.93955900002,0.0,0.0,1200.3,7518.126825,0.0,11141.507403,71609.420073,0.0,44620.756112,0.0,1.1196799999999998,0.0,0.0,0.0,7032.4911250000005,0.0,0.0
002289,0.0,67003.410364,167762.758574,118.69731199999998,0.9717530000000001,21.970299999999998,11.016667,2.0,1162.541525,129834.36220999999,11481.490624,0.0,4.0001,0.8667,0.0,0.0,0.0,0.0,0.0,0.0
002300,0.0,0.0,81764.871238,0.0,0.0,2002.2084479999999,0.0,0.0,8.980403,0.0,1.0,0.0,24721.414631999996,0.48,0.0,0.0,33954.073404,0.0,0.0,0.0
002332,0.0,0.0,109982.60440800001,0.0,0.0,0.0,0.0,0.0,602.586216,579.2708279999999,0.0,0.0,295.586864,0.0,0.0,0.0,0.0,0.0,0.0,453377.33701545
002333,0.0,0.0,109982.60440800001,0.0,0.0,0.0,0.0,0.0,602.586216,579.2708279999999,0.0,0.0,295.586864,0.0,0.0,0.0,0.0,0.0,0.0,453377.33701545
002334,0.0,583365.356706,129395.981843,152106.81501800002,51623.615759,42504.882926,36360.862325,0.0,42137.980311,2516640.2318320004,6081.386022000001,0.0,0.0,0.0,0.0,2343.6117719999997,0.0,0.0,0.0,0.0
002335,0.0,583365.356706,129395.981843,152106.81501800002,51623.615759,42504.882926,36360.862325,0.0,42137.980311,2516640.2318320004,6081.386022000001,0.0,0.0,0.0,0.0,2343.6117719999997,0.0,0.0,0.0,0.0
002387,0.0,0.0,35462.539677,0.0,0.0,2219.872546,13975.863287999999,0.0,21.058061,0.0,0.0,0.0,0.0,13.8,0.0,0.0,0.0,0.0,0.0,984923.8677635299
002556,0.0,106223.412885,159571.399975,44460.0,0.0,0.0,0.0,0.0,1450.407428,0.0,6275.334117999999,0.0,0.0,2.7174110000000002,0.0,0.0,0.0,0.0,0.0,0.0
002595,0.0,0.0,127053.680158,0.0,0.0,0.0,0.0,0.0,0.0,32620.346936000005,0.0,0.0,1354.42432,0.0,0.0,0.0,0.0,6106.6948250000005,0.0,0.0
002621,19510.924257000002,0.0,65938.845145,0.0,0.0,6296.403323999999,0.0,0.0,6468.928522,0.0,0.0,38531.395994000006,0.0,0.0,0.0,0.0,0.0,10076.93665,0.0,0.0
002697,19510.924257000002,0.0,65938.845145,0.0,0.0,6296.403323999999,0.0,0.0,6468.928522,0.0,0.0,38531.395994000006,0.0,0.0,0.0,0.0,0.0,10076.93665,0.0,0.0
002861,0.0,0.0,154825.002282,0.0,0.0,1.0,0.0,0.0,3835.7549169999998,0.0,0.0,0.0,0.0,0.0,0.0,0.0,0.0,0.0,0.0,0.0
002871,1057.74493,81581.57753,123844.67442399998,37756.858206,4759.528005,1077.784097,2513.091672,167.91163500000002,2658.196786,65923.985577,7797.626330999999,7656.190274,931.618878,97.73041,0.0,0.0,1767.796568,332.04713300000003,0.0,0.0
002872,1057.74493,81581.57753,123844.67442399998,37756.858206,4759.528005,1077.784097,2513.091672,167.91163500000002,2658.196786,65923.985577,7797.626330999999,7656.190274,931.618878,97.73041,0.0,0.0,1767.796568,332.04713300000003,0.0,0.0
002952,0.0,170262.63513,152460.098653,0.0,80685.09000000001,0.0,16535.524362,0.0,2625.4775999999997,1814900.294648,1.0,7985.624794999999,4729.495301,0.0,0.0,0.0,0.0,0.0,0.0,0.0
002980,0.0,0.0,133108.46257799998,0.0,0.0,883.081481,0.0,0.0,12727.213049000002,0.0,0.0,129.82775999999998,7627.084108000002,0.0,0.0,0.0,19412.34978,872.3849749999999,0.0,0.0
003053,0.0,0.0,211266.82975000003,0.0,0.0,1.0,1.333333,0.0,19473.721235,0.0,0.0,10465.268680000001,0.0,5.868994000000001,0.0,19859.026068,1170.336,7673.427024999999,0.0,0.0
003054,0.0,0.0,211266.82975000003,0.0,0.0,1.0,1.333333,0.0,19473.721235,0.0,0.0,10465.268680000001,0.0,5.868994000000001,0.0,19859.026068,1170.336,7673.427024999999,0.0,0.0
003069,0.0,0.0,48746.20631399999,0.0,0.0,0.0,0.0,0.0,3472.1603979999995,38930.107965,0.0,0.0,805.179087,3.1974110000000002,0.0,0.0,19659.640859999996,1549.6491660000002,0.0,0.0
003145,0.0,0.0,146407.44313200001,0.0,0.0,0.0,0.0,2755.7262450000003,4.577702,60284.545262,0.0,0.0,0.76,0.0,0.0,0.0,0.0,0.720741,0.0,0.0
003190,16127.526987000001,0.0,200525.37963599997,0.0,0.0,0.0,0.0,0.0,3.608,7868.428746999999,0.0,45918.054391,0.0,57.960441,0.0,2775.32973,0.0,366.05716,0.0,0.0
003191,16127.526987000001,0.0,200525.37963599997,0.0,0.0,0.0,0.0,0.0,3.608,7868.428746999999,0.0,45918.054391,0.0,57.960441,0.0,2775.32973,0.0,366.05716,0.0,0.0
003230,0.0,0.0,84778.60904600001,0.0,0.0,3740.878224,0.0,0.0,0.444,0.0,0.0,0.0,2010.66616,0.0,0.0,0.0,1931.2170680000002,0.0,0.0,0.0
003231,0.0,0.0,84778.60904600001,0.0,0.0,3740.878224,0.0,0.0,0.444,0.0,0.0,0.0,2010.66616,0.0,0.0,0.0,1931.2170680000002,0.0,0.0,0.0
003232,0.0,0.0,19598.174904,0.0,0.0,0.0,0.0,0.0,0.0,1178802.4019700002,20619.475452,0.0,0.0,0.0,0.0,0.0,0.0,0.0,0.0,0.0
003233,0.0,0.0,19598.174904,0.0,0.0,0.0,0.0,0.0,0.0,1178802.4019700002,20619.475452,0.0,0.0,0.0,0.0,0.0,0.0,0.0,0.0,0.0
003298,2712.9588180000005,0.0,107746.512869,0.0,0.0,12343.852722,410476.94843499997,0.0,245.294357,184767.9352,0.0,2502.646756,0.0,0.0,0.0,0.0,0.0,0.0,0.0,0.0
003299,2712.9588180000005,0.0,107746.512869,0.0,0.0,12343.852722,410476.94843499997,0.0,245.294357,184767.9352,0.0,2502.646756,0.0,0.0,0.0,0.0,0.0,0.0,0.0,0.0
003416,0.0,0.0,104967.51850399999,0.0,0.0,0.0,0.0,0.0,7.374625999999999,0.0,0.0,0.0,0.0,2.7174110000000002,0.0,0.0,9282.75891,0.0,0.0,0.0
003624,0.0,532317.605934,227580.227087,0.0,0.0,0.0,0.0,0.0,20.453619999999997,0.0,0.0,0.0,0.0,1.316897,0.0,0.0,0.0,0.0,0.0,0.0
003625,0.0,532317.605934,227580.227087,0.0,0.0,0.0,0.0,0.0,20.453619999999997,0.0,0.0,0.0,0.0,1.316897,0.0,0.0,0.0,0.0,0.0,0.0
003634,30013.489207000002,0.0,137647.80709699998,0.0,0.0,0.0,0.0,0.0,1.294701,0.0,0.0,0.0,0.0,0.0,0.0,0.0,0.0,0.0,0.0,0.0
003745,0.0,0.0,457549.18765,0.0,0.0,0.0,0.0,0.0,10506.115124,6211.872053,0.0,0.0,0.0,0.0,0.0,0.0,0.0,0.0,0.0,0.0
003834,0.0,83589.061122,175212.456445,0.0,0.0,0.0,0.0,0.0,35.575889999999994,0.0,0.0,0.0,153.43087999999997,0.0,0.0,0.0,0.0,0.0,0.0,0.0
003853,0.0,0.0,164579.587478,11.12,0.0,0.0,0.0,0.0,63148.135366999995,0.0,0.0,0.0,0.0,78.59524,0.0,0.0,0.0,2208.417849,0.0,0.0
003865,0.0,20965.396349,72595.050096,251.818038,1025.029808,733.694367,210.678017,0.0,4149.153903000001,37702.634578,2055.606163,10218.23675,1794.502979,1424.041572,0.0,0.0,128.4334,1646.9246710000002,0.0,0.0
003956,0.0,21383.248194,84292.10493400002,0.0,0.0,0.0,0.0,0.0,3028.77,0.0,382.778347,0.0,177.28204599999998,0.0,0.0,34907.480604,0.0,0.0,0.0,0.0
003984,0.0,15500.0,87337.14689,0.0,1583.181633,0.0,0.0,0.0,1751.2117880000003,0.0,17775.130266,0.0,0.0,0.0,0.0,0.0,0.0,0.0,0.0,0.0
003985,0.0,15500.0,87337.14689,0.0,1583.181633,0.0,0.0,0.0,1751.2117880000003,0.0,17775.130266,0.0,0.0,0.0,0.0,0.0,0.0,0.0,0.0,0.0
004040,0.0,0.0,52798.96348599999,0.0,0.0,1.9264000000000001,1.333333,0.0,14.083429,5261.710021000001,0.0,0.0,11909.506302,0.8667,0.0,0.0,40758.55704000001,0.720741,0.0,0.0
004041,0.0,0.0,52798.96348599999,0.0,0.0,1.9264000000000001,1.333333,0.0,14.083429,5261.710021000001,0.0,0.0,11909.506302,0.8667,0.0,0.0,40758.55704000001,0.720741,0.0,0.0
004075,0.0,0.0,73541.472809,0.0,0.0,685.6852799999999,0.0,0.0,0.742745,0.0,0.0,0.0,27602.642475999997,0.0,0.0,0.0,44980.71706999999,0.0,0.0,0.0
004098,0.0,0.0,0.0,0.0,0.0,0.0,0.0,0.0,0.0,0.0,0.0,0.0,0.0,0.0,0.0,0.0,0.0,0.0,0.0,1467765.6553600202
004189,10977.244476,0.0,181157.8931,0.0,0.0,0.0,0.0,2429.78013,0.0,0.0,0.0,13667.328499999998,0.0,0.0,0.0,0.0,0.0,0.0,0.0,0.0
004241,0.0,0.0,275188.762927,0.0,0.0,0.0,23678.513552999997,0.0,20083.458332000002,145592.024541,48.680358999999996,0.0,269.55672699999997,0.0,0.0,0.0,796.5745899999998,5900.982815000001,0.0,0.0
004292,0.0,0.0,49403.795491,0.0,0.0,0.0,0.0,0.0,23944.746792999995,120030.364455,0.0,0.0,611.678375,4.034308,0.0,0.0,0.0,3347.1096999999995,0.0,436273.09454591
004350,0.0,0.0,112323.982169,0.0,179190.85530499998,0.0,29269.312974999997,0.0,3.608,1846422.5540749999,0.0,7119.59853,0.0,0.0,0.0,0.0,0.0,0.0,0.0,0.0
004352,0.0,118813.31281399998,112735.66404200002,0.0,0.0,409.25673600000005,11401.362156,0.0,6081.580051,138820.10299699998,0.0,2108.67354,548.1273749999999,0.0,0.0,3083.6996999999997,0.0,0.0,0.0,0.0
004403,0.0,0.0,235144.622455,0.0,0.0,0.0,1.333333,0.0,42.81092300000001,666689.270414,39151.757514,0.0,0.76,25.986810999999996,0.0,0.0,0.0,0.0,0.0,0.0
004404,0.0,0.0,235144.622455,0.0,0.0,0.0,1.333333,0.0,42.81092300000001,666689.270414,39151.757514,0.0,0.76,25.986810999999996,0.0,0.0,0.0,0.0,0.0,0.0
004450,0.0,0.0,68299.93253299998,0.0,0.0,0.0,0.0,0.0,17970.097548,0.0,0.0,0.0,2664.21712,0.0,0.0,0.0,3154.53968,0.0,0.0,186496.43781447998
004476,0.0,0.0,69079.59463100003,0.0,0.0,961.5869519999999,0.0,0.0,6875.374087,4392.699615,0.0,981.94816,3945.3302770000005,0.0,0.0,0.0,304.608,0.0,0.0,269484.58771418
004484,1348.1415610000001,253840.01076299997,140672.28557299997,42754.695296,27519.440816000006,303.21301199999994,4840.254971,0.0,3137.6658799999996,1456530.5655069998,29740.607746,23190.175896,72.43393300000001,0.0,0.0,0.0,468.67735200000004,0.0,0.0,0.0
004485,1348.1415610000001,253840.01076299997,140672.28557299997,42754.695296,27519.440816000006,303.21301199999994,4840.254971,0.0,3137.6658799999996,1456530.5655069998,29740.607746,23190.175896,72.43393300000001,0.0,0.0,0.0,468.67735200000004,0.0,0.0,0.0
004606,6307.218192,57382.309169,235274.76398500003,35932.137536,74697.82727000001,0.0,11480.616154,0.0,8516.734988999999,594452.87828,37008.953546,31348.658172,7278.031629000001,0.0,0.0,5674.007448,11705.11112,0.0,0.0,0.0
004616,0.0,0.0,148654.20562599998,0.0,0.0,0.0,0.0,0.0,21824.981620999995,0.0,0.0,25539.511722,0.0,2.235297,0.0,0.0,0.0,0.0,0.0,18228.92465298
004640,0.0,0.0,193241.09414299997,417.95239799999996,0.0,0.0,0.0,0.0,14.040446,1979.175329,0.0,0.0,0.0,0.0,0.0,0.0,0.0,0.0,0.0,0.0
004683,0.0,0.0,67431.36234,0.0,0.0,0.0,1.333333,0.0,5.84682,2654.9912950000003,0.0,0.0,2633.10325,5.096211,0.0,0.0,39212.950648,0.0,0.0,0.0
004686,0.0,20888.057209999995,158740.69814000002,0.0,0.0,0.0,14968.468289999999,0.0,1983.309378,381727.58720999997,21118.793526,0.0,3856.3235700000005,2.7174110000000002,0.0,0.0,5997.36192,1228.4604749999999,0.0,0.0
004698,0.0,0.0,65793.91337400001,0.0,0.0,0.0,0.0,0.0,487.84205,193.09027600000002,0.0,0.0,0.0,0.0,0.0,0.0,0.0,0.0,0.0,0.0
004716,3512.122031,30967.714555,198520.39810999998,22059.603424,7368.859575000001,557.01868,13601.475854999997,0.0,6570.285118000002,781376.721263,26588.257456,8752.082904,1158.942379,476.670835,0.0,0.0,2373.899312,419.071781,0.0,0.0
004730,0.0,69182.79813200003,164110.92157600002,27745.068224,67983.41583000001,278.20933399999996,16739.152519999996,0.0,13548.814502000001,432829.12553600007,14732.604315,6816.8846189999995,1862.391932,24.84,0.0,0.0,202.17454400000003,0.0,0.0,0.0
004784,0.0,0.0,174922.228973,0.0,0.0,0.0,0.0,0.0,0.0,0.0,0.0,119771.503248,0.0,0.0,0.0,0.0,0.0,0.0,0.0,0.0
004805,12744.129717000002,0.0,188324.47108999995,0.0,0.0,0.0,22645.509285,0.0,6439.719545,79493.045544,0.0,10465.268680000001,0.0,0.0,0.0,0.0,0.0,0.0,0.0,0.0
004812,0.0,5305.3785179999995,180551.50406700003,0.0,0.0,0.0,0.0,0.0,0.444,0.0,0.0,0.0,2.4,0.0,0.0,0.0,0.0,0.0,0.0,0.0
004813,0.0,5305.3785179999995,180551.50406700003,0.0,0.0,0.0,0.0,0.0,0.444,0.0,0.0,0.0,2.4,0.0,0.0,0.0,0.0,0.0,0.0,0.0
004851,0.0,0.0,72080.209483,0.0,0.0,1987.89255,0.0,0.0,0.0,0.0,0.0,0.0,12960.534941,0.0,0.0,0.0,35476.583439,0.0,0.0,0.0
004858,0.0,71784.34024,155385.081564,0.0,0.0,1.0,27340.083448999998,0.0,4.05082,470633.0665420001,0.0,36459.340014999994,0.0,2.7174110000000002,0.0,8079.293214,5374.94822,0.720741,0.0,0.0
004892,0.0,34532.51607,79909.26506800001,22208.606312000004,1391.045436,12461.539295999999,19444.306634999997,543.2435250000001,7429.648993,31183.438586000004,4117.230245,11137.896613,1751.228697,1076.98416,0.0,0.0,0.0,636.8799389999999,351.0,0.0
004925,0.0,0.0,126860.268724,0.0,0.0,0.0,0.0,0.0,3.608,0.0,0.0,0.0,0.0,0.0,0.0,0.0,0.0,0.0,0.0,0.0
004995,0.0,0.0,141857.89995099997,0.0,0.0,0.0,0.0,0.0,0.0,29606.305172,0.0,28208.724212,0.0,0.0,0.0,0.0,0.0,0.0,0.0,0.0
004997,0.0,128437.305675,300688.49140299996,75502.97254399999,162326.01311200002,0.0,0.0,0.0,9.684886,366969.432545,6267.595872,0.0,0.0,0.0,0.0,0.0,0.0,15.135561000000001,0.0,0.0
005009,0.0,0.0,204664.686209,0.0,0.0,0.0,0.0,0.0,5.411999999999999,68134.836131,0.0,12046.773835,0.0,0.0,0.0,0.0,0.0,0.0,0.0,0.0
005035,0.0,0.0,191316.98007199998,0.0,0.0,109.36389600000001,0.0,0.0,45888.075272,221659.41501,14962.058943,4970.268266,0.0,0.0,0.0,678.413934,0.0,697.5868220000001,0.0,0.0
005036,0.0,0.0,191316.98007199998,0.0,0.0,109.36389600000001,0.0,0.0,45888.075272,221659.41501,14962.058943,4970.268266,0.0,0.0,0.0,678.413934,0.0,697.5868220000001,0.0,0.0
005037,0.0,19634.301460000002,160147.50840700002,4286.172046999999,0.0,0.0,0.0,0.0,0.0,0.0,0.0,0.0,57.63923199999999,0.0,0.0,0.0,0.0,0.0,0.0,0.0
005038,0.0,19634.301460000002,160147.50840700002,4286.172046999999,0.0,0.0,0.0,0.0,0.0,0.0,0.0,0.0,57.63923199999999,0.0,0.0,0.0,0.0,0.0,0.0,0.0
005106,32809.870879,25817.516199,122395.434557,0.0,3193.1968529999995,0.0,4829.82693,0.0,127.771555,3466.3308029999994,0.0,0.0,0.0,0.5947,0.0,0.0,0.0,0.0,0.0,0.0
005161,10985.387244000001,88765.58712200001,88319.04272900001,0.0,0.0,0.0,0.0,0.0,16129.013362,32199.99574,0.0,0.0,0.0,0.0,0.0,0.0,0.0,0.0,0.0,0.0
005188,0.0,49978.931731,111859.082673,2874.312136,0.0,1611.3814,0.0,0.0,10265.498608,41736.252211,4694.89636,1174.230424,1131.894108,148.39039200000002,0.0,0.0,689.2314,0.720741,0.0,0.0
005189,0.0,49978.931731,111859.082673,2874.312136,0.0,1611.3814,0.0,0.0,10265.498608,41736.252211,4694.89636,1174.230424,1131.894108,148.39039200000002,0.0,0.0,689.2314,0.720741,0.0,0.0
005209,0.0,0.0,71767.89688100001,0.0,0.0,2829.105693,0.0,0.0,22251.6917,61771.256550000006,0.0,0.0,0.0,0.0,0.0,0.0,0.0,5376.74005,0.0,81408.28747452999
005210,0.0,0.0,71767.89688100001,0.0,0.0,2829.105693,0.0,0.0,22251.6917,61771.256550000006,0.0,0.0,0.0,0.0,0.0,0.0,0.0,5376.74005,0.0,81408.28747452999
005235,0.0,0.0,160417.71658699997,0.0,0.0,104.26,0.0,0.0,1.804,0.0,0.0,0.0,0.0,0.0,0.0,0.0,0.0,0.0,0.0,0.0
005236,0.0,0.0,160417.71658699997,0.0,0.0,104.26,0.0,0.0,1.804,0.0,0.0,0.0,0.0,0.0,0.0,0.0,0.0,0.0,0.0,0.0
005237,0.0,82.435342,86441.70412800003,0.0,0.0,5380.564455,959.4985839999999,154.74361300000004,0.0,1096.814484,1277.950542,880.672818,18725.253498,0.0,0.0,0.0,23636.588741000003,0.0,0.0,0.0
005238,0.0,82.435342,86441.70412800003,0.0,0.0,5380.564455,959.4985839999999,154.74361300000004,0.0,1096.814484,1277.950542,880.672818,18725.253498,0.0,0.0,0.0,23636.588741000003,0.0,0.0,0.0
005259,0.0,0.0,211436.78437399998,0.0,0.0,1.0,0.0,0.0,5.345521,4489.348917,0.0,0.0,2502.51056,2.7174110000000002,0.0,0.0,0.0,0.0,0.0,270340.10244467005
005267,0.0,0.0,123820.09280499998,0.0,0.0,0.0,48292.79143299999,0.0,1.128,287942.57495599997,57972.483678000004,0.0,0.0,0.0,0.0,0.0,0.0,0.0,0.0,1439076.62787356
005268,0.0,0.0,185672.459978,0.0,0.0,0.0,0.0,0.0,2283.0584360000003,434.45312099999995,0.0,10230.97162,11860.495988,0.0,0.0,17022.022343999997,0.0,0.0,0.0,0.0
005303,0.0,0.0,81738.30226600001,0.0,0.0,5567.005636,0.0,0.0,0.0,0.0,0.0,0.0,10392.586568,0.0,0.0,0.0,3390.5510999999997,0.0,0.0,30258.29901784
005304,0.0,0.0,81738.30226600001,0.0,0.0,5567.005636,0.0,0.0,0.0,0.0,0.0,0.0,10392.586568,0.0,0.0,0.0,3390.5510999999997,0.0,0.0,30258.29901784
005310,0.0,0.0,398483.57539400004,0.0,0.0,1.0,1.333333,0.0,15675.070382,26356.197690000005,0.0,72068.392273,12.0,0.0,0.0,0.0,0.0,0.0,0.0,0.0
005328,0.0,0.0,169601.62963599997,0.0,0.0,0.0,2474.4492900000005,0.0,0.0,0.0,0.0,11636.753979999998,5954.753151,0.0,0.0,0.0,641.28,0.0,0.0,0.0
005402,0.0,196598.479575,241566.112127,0.0,0.0,0.0,0.0,0.0,1.804,0.0,0.0,0.0,0.0,0.0,0.0,0.0,0.0,0.0,0.0,0.0
005457,181.24086899999998,6880.323277,48583.101988999995,7194.943903,3107.79,591.411644,322.17953,0.0,3211.876574,13938.767429,1288.3761279999999,2645.472843,42.15143,7.148102,0.0,0.0,876.978597,1480.8536199999999,0.0,0.0
005495,0.0,0.0,623474.276152,0.0,0.0,0.0,0.0,0.0,2706.203326,10938.683355000001,0.0,0.0,0.0,2.7174110000000002,0.0,0.0,0.0,0.720741,0.0,0.0
005496,0.0,0.0,623474.276152,0.0,0.0,0.0,0.0,0.0,2706.203326,10938.683355000001,0.0,0.0,0.0,2.7174110000000002,0.0,0.0,0.0,0.720741,0.0,0.0
005502,1713.9754609999998,39498.229615,181491.305533,5887.11977,8475.738682000001,0.0,20039.023348,0.0,1813.6655349999999,488364.728029,12973.026925000002,10943.659431,2278.9796010000005,0.0,0.0,0.0,8243.036,0.0,0.0,0.0
005505,0.0,0.0,67733.343563,0.0,0.0,3431.189044,0.0,0.0,5.411999999999999,0.0,0.0,0.0,0.0,0.0,0.0,0.0,0.0,0.0,0.0,0.0
005506,0.0,0.0,67733.343563,0.0,0.0,3431.189044,0.0,0.0,5.411999999999999,0.0,0.0,0.0,0.0,0.0,0.0,0.0,0.0,0.0,0.0,0.0
005515,0.0,0.0,57624.222234999994,3966.8139189999997,1961.2893190000002,1895.8710659999997,9529.792936,0.0,4793.716079,198.337568,3920.1145510000006,904.473542,89.370699,587.16245,0.0,0.0,0.0,2275.084704,96.13479400000001,0.0
005516,0.0,0.0,57624.222234999994,3966.8139189999997,1961.2893190000002,1895.8710659999997,9529.792936,0.0,4793.716079,198.337568,3920.1145510000006,904.473542,89.370699,587.16245,0.0,0.0,0.0,2275.084704,96.13479400000001,0.0
005569,0.0,18000.0,175583.044861,0.0,0.0,0.0,41592.85223,0.0,1782.274577,31875.410129000004,93278.68282500001,4646.8916899999995,0.0,4365.025698,0.0,0.0,0.0,0.0,0.0,0.0
005570,0.0,18000.0,175583.044861,0.0,0.0,0.0,41592.85223,0.0,1782.274577,31875.410129000004,93278.68282500001,4646.8916899999995,0.0,4365.025698,0.0,0.0,0.0,0.0,0.0,0.0
005612,0.0,63683.10125,139015.947156,0.0,0.0,0.0,6639.069262,1669.2391949999999,308.523776,128621.21255999999,0.0,22163.599253000004,0.0,0.0,0.0,0.0,0.0,0.0,0.0,319289.31743485003
005620,16089.933684000003,0.0,60263.01781499999,0.0,0.0,5739.470184,0.0,0.0,6442.619691999999,0.0,0.0,10353.71514,0.0,0.5947,0.0,0.0,0.0,10183.7593,0.0,43895.31602288
005621,16089.933684000003,0.0,60263.01781499999,0.0,0.0,5739.470184,0.0,0.0,6442.619691999999,0.0,0.0,10353.71514,0.0,0.5947,0.0,0.0,0.0,10183.7593,0.0,43895.31602288
005628,0.0,0.0,204702.80703499998,0.0,0.0,0.0,0.0,0.0,0.0,70378.727596,0.0,0.0,0.0,0.0,0.0,0.0,0.0,0.0,0.0,0.0
005629,0.0,0.0,204702.80703499998,0.0,0.0,0.0,0.0,0.0,0.0,70378.727596,0.0,0.0,0.0,0.0,0.0,0.0,0.0,0.0,0.0,0.0
005635,7845.306216000001,266676.08479299996,208553.14964899997,47712.892015,38967.57447200001,1693.007791,20107.627198000002,0.0,13246.856752999998,801612.5021929999,11811.195369000001,23174.183479,2181.837683,2.7174110000000002,0.0,2898.6777179999995,4422.8228579999995,447.8182,0.0,0.0
005636,7845.306216000001,266676.08479299996,208553.14964899997,47712.892015,38967.57447200001,1693.007791,20107.627198000002,0.0,13246.856752999998,801612.5021929999,11811.195369000001,23174.183479,2181.837683,2.7174110000000002,0.0,2898.6777179999995,4422.8228579999995,447.8182,0.0,0.0
005660,0.0,118048.23318999998,135998.666626,0.0,0.0,0.0,0.0,0.0,8.277505,0.0,0.0,0.0,0.0,0.0,0.0,0.0,0.0,0.0,0.0,24199.5785187
005661,0.0,118048.23318999998,135998.666626,0.0,0.0,0.0,0.0,0.0,8.277505,0.0,0.0,0.0,0.0,0.0,0.0,0.0,0.0,0.0,0.0,24199.5785187
005662,0.0,0.0,261.792217,0.0,0.0,0.0,0.0,0.0,0.0,873710.7608619999,92608.32865400001,0.0,0.0,0.0,0.0,0.0,0.0,0.0,0.0,128362.58677954
005663,0.0,0.0,261.792217,0.0,0.0,0.0,0.0,0.0,0.0,873710.7608619999,92608.32865400001,0.0,0.0,0.0,0.0,0.0,0.0,0.0,0.0,128362.58677954
005669,0.0,0.0,102256.442575,11370.9296,0.0,0.0,4104.421392,0.0,0.0,0.0,0.0,0.0,0.0,0.0,0.0,0.0,0.0,0.0,0.0,0.0
005707,0.0,0.0,0.0,0.0,0.0,0.0,0.0,0.0,0.0,0.0,0.0,0.0,0.0,0.0,0.0,0.0,0.0,0.0,0.0,3012187.210987079
005763,0.0,0.0,148654.20562599998,0.0,0.0,0.0,0.0,0.0,21824.981620999995,0.0,0.0,25539.511722,0.0,2.235297,0.0,0.0,0.0,0.0,0.0,18228.92465298
005777,406.68682799999993,46.838879999999996,349114.83013,0.0,0.0,0.0,0.0,0.0,903.2562839999999,0.0,0.0,0.0,0.0,0.0,0.0,0.0,0.0,0.0,0.0,387468.58479436004
005802,0.0,4309.530526,180409.229753,0.0,0.0,2.0,0.0,0.0,8624.927733000002,142445.965737,1940.4333629999999,0.0,7033.740059,2.7193599999999996,0.0,0.0,0.0,0.0,0.0,44352.174111
005825,1553.491661,1007.3551779999999,89952.885965,0.0,0.0,1.0,0.0,0.0,21703.07449,50817.50535,0.0,84392.81906100002,0.76,0.48,0.0,0.0,0.0,0.720741,0.0,0.0
005826,0.0,0.0,207874.899244,0.0,0.0,0.0,0.0,0.0,5.371463,34060.793031999994,0.0,7126.535575,2818.0930549999994,4.034308,0.0,0.0,0.0,0.0,0.0,125723.47891366998
005885,0.0,0.0,164579.587478,11.12,0.0,0.0,0.0,0.0,63148.135366999995,0.0,0.0,0.0,0.0,78.59524,0.0,0.0,0.0,2208.417849,0.0,0.0
005894,0.0,0.0,134522.774889,0.0,0.0,1.0,0.0,0.0,11.836609000000001,0.0,0.0,2421.0696199999998,0.76,0.0,0.0,0.0,9378.430139999999,0.0,0.0,106021.44939039998
005927,0.0,114907.95999200002,134301.89786399997,584.2,0.0,0.0,0.0,0.0,1.804,0.0,0.0,0.0,0.0,0.0,0.0,0.0,0.0,0.0,3481.9389,0.0
005928,0.0,114907.95999200002,134301.89786399997,584.2,0.0,0.0,0.0,0.0,1.804,0.0,0.0,0.0,0.0,0.0,0.0,0.0,0.0,0.0,3481.9389,0.0
005960,3458.0995900000003,572407.8137860001,226491.369102,23251.157805,140148.81938600005,2352.3398890000003,15862.018424999998,0.0,13119.263880000002,1313012.895243,51348.238638999996,2739.4397470000004,281.833653,2.7174110000000002,0.0,246.69597599999997,467.15160799999995,427.91025900000005,0.0,75716.19140259999
005961,3458.0995900000003,572407.8137860001,226491.369102,23251.157805,140148.81938600005,2352.3398890000003,15862.018424999998,0.0,13119.263880000002,1313012.895243,51348.238638999996,2739.4397470000004,281.833653,2.7174110000000002,0.0,246.69597599999997,467.15160799999995,427.91025900000005,0.0,75716.19140259999
005962,0.0,0.0,109744.83429200001,0.0,0.0,0.0,0.0,0.0,7712.347731,0.0,0.0,0.0,0.0,0.0,0.0,0.0,0.0,4896.038125,0.0,117480.16629518999
005963,0.0,0.0,109744.83429200001,0.0,0.0,0.0,0.0,0.0,7712.347731,0.0,0.0,0.0,0.0,0.0,0.0,0.0,0.0,4896.038125,0.0,117480.16629518999
005968,0.0,62918.904035,283032.74739300006,0.0,0.0,0.0,0.0,0.0,0.0,0.0,0.0,0.0,0.0,0.0,0.0,0.0,0.0,0.0,0.0,0.0
005969,0.0,62918.904035,283032.74739300006,0.0,0.0,0.0,0.0,0.0,0.0,0.0,0.0,0.0,0.0,0.0,0.0,0.0,0.0,0.0,0.0,0.0
005970,0.0,0.0,80168.58501800001,0.0,0.0,0.0,41691.430575,0.0,20709.145917999995,0.0,0.0,0.0,0.0,0.0,0.0,0.0,0.0,0.0,0.0,0.0
005983,0.0,0.0,95763.99970800002,0.0,0.0,1807.4431920000002,0.0,0.0,7.216,40937.414034,28665.166211000003,0.0,3348.6764410000005,0.0,0.0,0.0,0.0,9005.744010999999,0.0,0.0
006002,0.0,0.0,76204.962015,0.0,0.0,0.0,0.0,0.0,0.0,0.0,0.0,0.0,17455.962150999996,0.0,0.0,0.0,15635.193714999998,0.0,0.0,0.0
006003,0.0,0.0,76204.962015,0.0,0.0,0.0,0.0,0.0,0.0,0.0,0.0,0.0,17455.962150999996,0.0,0.0,0.0,15635.193714999998,0.0,0.0,0.0
006080,0.0,0.0,177225.19871199998,0.0,0.0,1.0,0.0,0.0,11177.831596000002,0.0,1.0,0.0,0.76,0.0,0.0,0.0,0.0,0.0,0.0,0.0
006081,0.0,0.0,177225.19871199998,0.0,0.0,1.0,0.0,0.0,11177.831596000002,0.0,1.0,0.0,0.76,0.0,0.0,0.0,0.0,0.0,0.0,0.0
006138,0.0,2069.15093,99949.087396,0.0,0.0,4193.99598,0.0,0.0,5.411999999999999,196987.586166,128824.665285,0.0,0.0,1391.418796,0.0,0.0,0.0,0.0,0.0,0.0
006193,0.0,0.0,125734.55697400002,0.0,0.0,0.0,3179.4813599999998,0.0,3573.15348,156244.240047,5449.991988,5994.099784999999,7425.0625709999995,0.0,0.0,0.0,0.0,0.0,0.0,283052.93776397
006194,0.0,0.0,125734.55697400002,0.0,0.0,0.0,3179.4813599999998,0.0,3573.15348,156244.240047,5449.991988,5994.099784999999,7425.0625709999995,0.0,0.0,0.0,0.0,0.0,0.0,283052.93776397
006195,1353.358908,102130.604719,101480.26101,12337.808894000002,24642.599854000004,2871.083011,13889.91698,0.0,6125.785923,243125.52046799997,6282.188774000001,2713.518591,2184.489823,63.372864,5.210936,0.0,0.0,608.2403069999999,0.0,0.0
006228,0.0,0.0,68078.205627,0.0,0.0,752.04192,0.0,0.0,12.003,0.0,0.0,0.0,22113.057214,0.0,0.0,0.0,44690.258731999995,0.0,0.0,7229.610731320001
006229,0.0,0.0,68078.205627,0.0,0.0,752.04192,0.0,0.0,12.003,0.0,0.0,0.0,22113.057214,0.0,0.0,0.0,44690.258731999995,0.0,0.0,7229.610731320001
006257,0.0,55532.884610999994,224424.18671100002,632.88885,1529.9035000000001,587.0090230000001,13266.467882,0.0,2377.667554,5080.141588,838.8645310000002,0.0,14.8293,17.952,0.0,61.67399399999999,0.0,160.92613699999998,0.0,0.0
006265,0.0,0.0,105562.99265100001,0.0,0.0,0.0,0.0,0.0,5000.875757,3359.123235,0.0,60619.645639,0.0,0.0,0.0,0.0,0.0,0.0,0.0,0.0
006346,117.481608,91296.56584899999,71818.388661,27063.627048000002,9917.162905,1356.153306,6377.042514000001,0.0,930.0181140000001,201687.13209399997,813.8152799999999,32.413140000000006,202.13148999999999,58.696488,0.0,0.0,452.93455900000004,1080.615235,0.0,0.0
006347,117.481608,91296.56584899999,71818.388661,27063.627048000002,9917.162905,1356.153306,6377.042514000001,0.0,930.0181140000001,201687.13209399997,813.8152799999999,32.413140000000006,202.13148999999999,58.696488,0.0,0.0,452.93455900000004,1080.615235,0.0,0.0
006478,434.600199,0.0,219871.68049899998,0.0,0.0,0.0,0.0,0.0,6.475403,0.0,1.0,1835.3269699999998,0.76,0.0,0.0,0.0,0.0,0.0,0.0,0.0
006502,0.0,39526.610298,188057.90210099999,0.0,0.0,1.0,1.333333,0.0,70.33882000000001,0.0,0.0,97607.90399500002,0.76,1.8368,0.0,0.0,0.0,0.0,0.0,0.0
006503,0.0,39526.610298,188057.90210099999,0.0,0.0,1.0,1.333333,0.0,70.33882000000001,0.0,0.0,97607.90399500002,0.76,1.8368,0.0,0.0,0.0,0.0,0.0,0.0
006603,13044.876141,0.0,221427.188852,0.0,0.0,0.0,0.0,0.0,1768.648476,248821.53930799998,4859.141377999999,0.0,0.0,4365.025698,0.0,0.0,0.0,0.0,0.0,61587.423156510005
006605,0.0,0.0,134579.77620900003,0.0,0.0,957.3684360000001,0.0,365.454735,1.3319999999999999,0.0,0.0,7790.377245,0.0,0.0,0.0,0.0,4368.80908,0.0,0.0,114925.96259965998
006675,35600.857941,0.0,73870.81420899999,0.0,0.0,1.8528,0.0,0.0,751.6677600000002,0.0,4358.022471,0.0,0.0,0.0,0.0,0.0,0.0,0.0,0.0,245725.14201323997
006692,0.0,0.0,156841.566107,0.0,0.0,1.8528,728.1552439999999,0.0,94.569804,0.0,0.0,0.0,1.52,0.8667,0.0,0.0,35339.59953,0.0,0.0,0.0
006693,0.0,0.0,156841.566107,0.0,0.0,1.8528,728.1552439999999,0.0,94.569804,0.0,0.0,0.0,1.52,0.8667,0.0,0.0,35339.59953,0.0,0.0,0.0
006751,0.0,0.0,115760.84353700001,0.0,0.0,0.0,0.0,0.0,12180.381999000001,0.0,0.0,0.0,0.0,0.0,0.0,15356.824506,0.0,5625.9929,0.0,176039.69016985
006781,0.0,0.0,0.0,0.0,0.0,0.0,0.0,0.0,0.0,0.0,0.0,0.0,0.0,0.0,0.0,0.0,0.0,0.0,0.0,2941688.27672103
006803,5751.775359,0.0,79460.225929,0.0,0.0,0.0,5805.31725,0.0,9.572206,554858.9236859999,0.0,0.0,3779.858039,7085.259104000002,0.0,0.0,0.0,0.0,0.0,0.0
006818,0.0,0.0,68772.71543200001,1867.635648,268077.616075,1938.8616040000002,1.333333,0.0,12330.392378999999,278098.173551,256670.71922600002,0.0,0.76,0.0,0.0,250.834551,0.0,0.0,0.0,0.0
006819,0.0,0.0,68772.71543200001,1867.635648,268077.616075,1938.8616040000002,1.333333,0.0,12330.392378999999,278098.173551,256670.71922600002,0.0,0.76,0.0,0.0,250.834551,0.0,0.0,0.0,0.0
006868,0.0,0.0,129263.480029,0.0,0.0,0.0,9249.574214999999,0.0,7246.194536,0.0,0.0,34639.797508,0.0,0.5947,0.0,0.0,0.0,9827.683799999999,0.0,86735.85692352998
006923,0.0,0.0,33008.888146000005,0.0,0.0,0.0,0.0,0.0,0.0,0.0,0.0,0.0,0.0,0.0,0.0,0.0,0.0,0.0,0.0,477665.01743642
006924,0.0,0.0,33008.888146000005,0.0,0.0,0.0,0.0,0.0,0.0,0.0,0.0,0.0,0.0,0.0,0.0,0.0,0.0,0.0,0.0,477665.01743642
006957,5789.368662000001,21223.859995,173694.98084299997,0.0,0.0,0.0,7882.642065,0.0,808.80716,145288.189646,0.0,15674.140389,2701.96727,0.0,0.0,9004.403123999999,6591.495275,0.0,0.0,0.0
007005,0.0,0.0,69912.36343200003,0.0,0.0,2606.27202,0.0,0.0,10.541908,0.0,0.0,0.0,22266.222233999997,0.48,0.0,0.0,28559.292727999997,0.720741,0.0,30018.35931123
007133,0.0,16700.0,112722.18782800001,44938.162327,11310.925621,23794.816578,8477.591582000001,0.0,65693.622245,324301.022533,4973.3156,14237.543891000001,0.0,0.0,0.0,10114.535015999998,0.0,0.0,0.0,0.0
007137,0.0,65720.96049,122773.446836,0.0,0.0,833.813484,13031.41983,0.0,1177.821236,282392.612392,0.0,5095.961055,0.0,0.0,0.0,0.0,0.0,1495.5171,0.0,0.0
007287,0.0,0.0,216033.292279,0.0,0.0,0.0,0.0,0.0,5.411999999999999,0.0,0.0,0.0,0.0,0.0,0.0,0.0,1761.4142550000001,0.0,0.0,46367.124658780005
007388,0.0,47378.687722,138925.036041,8139.141295999999,0.0,1.0,0.0,0.0,1799.2786210000002,197317.92386399998,0.0,0.0,0.0,3.113794,0.0,0.0,0.0,0.720741,0.0,0.0
007470,4473.603057,277194.88670499995,202854.284932,29109.579776,34831.009345,351.833254,8346.026148,118.52586,2055.7928739999998,399794.9965349999,24171.725879999998,17507.885406999998,1448.832265,0.0,0.0,2651.9817419999995,4772.239882,854.5812,37.917913000000006,0.0
007512,0.0,0.0,35462.539677,0.0,0.0,2219.872546,13975.863287999999,0.0,21.058061,0.0,0.0,0.0,0.0,13.8,0.0,0.0,0.0,0.0,0.0,984923.8677635299
007524,0.0,0.0,111223.799252,0.0,0.0,0.0,0.0,1123.546305,906.7148940000001,30893.607965999996,0.0,101194.093689,1739.866147,1.1196799999999998,0.0,0.0,13573.994959999998,5804.620680000001,0.0,273594.94557334
007586,0.0,789.80209,176693.89481,0.0,0.0,0.0,8885.058975,2033.08379,1554.5668260000002,89935.4535,25907.542805999998,6892.238514999999,233.11899800000003,4.501511000000001,0.0,0.0,0.0,0.0,0.0,0.0
007614,264.848128,10205.257738,77579.38913599998,11584.370394,8330.864205,7766.008053000002,3652.7033359999996,0.0,7672.650366000001,44037.635676,20175.005258,1196.9101919999998,721.0858029999999,1584.42258,0.0,0.0,296.64439000000004,2139.377916,0.0,0.0
007674,0.0,236329.33715999997,95805.38836000003,0.0,0.0,0.0,0.0,0.0,7126.111256000001,413600.38694999996,0.0,0.0,0.0,0.0,0.0,0.0,0.0,0.0,0.0,0.0
007685,0.0,0.0,450772.53626699996,0.0,0.0,0.0,1.333333,0.0,127.38682,23341.255565000007,0.0,0.0,9.6,2.7174110000000002,0.0,0.0,0.0,0.720741,0.0,0.0
007831,1879.66515,136456.088238,59477.07544,22893.626657,2127.632966,3952.165331,6189.648085999999,0.0,3476.1726209999997,216360.74159899994,5895.358092,19539.766334000004,0.0,0.0,0.0,4008.8096099999993,592.739004,1386.25445,175.80123300000002,0.0
007853,0.0,0.0,23065.99152,0.0,0.0,0.0,1.333333,0.0,74737.811746,85708.74689500002,0.0,0.0,0.0,2.7174110000000002,0.0,0.0,0.0,0.720741,0.0,0.0
007950,0.0,0.0,90413.80756799999,360.254592,992.651707,803.8594499999999,1.333333,0.0,2628.785504,75581.27025100001,6737.0057799999995,0.0,2002.660004,5.914822000000001,0.0,0.0,958.003004,0.720741,86.177075,0.0
007965,187.96651500000004,0.0,237719.34505799998,0.0,0.0,648.424162,1834.2587330000001,0.0,1803.5981960000004,191218.76176499997,0.0,2557.742905,0.76,5.914822000000001,0.0,0.0,0.0,0.0,0.0,21272.20182468
008009,0.0,0.0,185768.00049200002,0.0,0.0,0.0,0.0,0.0,5377.159404,1882.630191,0.0,0.0,0.0,2.7174110000000002,0.0,0.0,0.0,0.0,0.0,28103.852985800004
008076,35525.671335,0.0,81632.74145599999,0.0,0.0,2112.35304,0.0,0.0,2.038381,0.0,0.0,0.0,0.0,0.0,0.0,0.0,1997.987215,0.0,0.0,134666.65421264002
008085,0.0,0.0,47145.50284899999,0.0,0.0,0.0,0.0,0.0,9627.332878000001,0.0,0.0,0.0,0.0,4.034308,0.0,0.0,0.0,0.720741,0.0,0.0
008128,0.0,74896.321751,92650.17736999999,0.0,15034.111602,2963.182197,37280.927074,29.631465,8913.971896,1047044.214206,21391.542129,0.0,245.528447,2588.067984,0.0,0.0,0.0,11782.459386,0.0,0.0
008134,0.0,0.0,134606.72967799997,0.0,0.0,2664.971535,0.0,0.0,12718.312435,573008.604123,44287.125210000006,0.0,0.0,0.0,0.0,0.0,0.0,0.0,0.0,0.0
008167,0.0,0.0,218666.677191,0.0,0.0,9182.329639,7700.384445,661.769385,69.60340200000002,868.9062419999999,1304.937816,629.7408,3.0280020000000003,545.4568079999999,0.0,4810.571532,0.0,90.09262500000001,0.0,90072.03209575001
008230,2458.941594,2280.372988,36628.161243999995,1721.776914,3798.4782830000004,2885.5015789999998,3361.368421,0.0,5271.072589,2405.465206,2264.034659,10109.764442000002,145.371094,150.23999999999998,0.0,974.750328,953.16264,415.436578,155.11873500000002,0.0
008261,0.0,0.0,116243.405711,0.0,0.0,0.0,0.0,0.0,0.0,0.0,0.0,0.0,0.0,0.0,0.0,0.0,5884.458355000001,0.720741,0.0,8692.0
008264,0.0,0.0,150215.057708,0.0,0.0,0.0,0.0,0.0,470.33862799999997,11955.952437,0.0,35373.691523,179.88448,0.0,0.0,6845.813334,13776.030799999999,0.0,0.0,53093.26561528
008283,0.0,0.0,139.544474,0.0,0.0,0.0,0.0,0.0,0.0,1125363.980116,0.0,0.0,0.0,0.0,0.0,0.0,0.0,0.0,0.0,129854.03079174002
008294,2963.183175,0.0,102213.25865200002,0.0,0.0,0.0,63405.400437,0.0,2140.3861399999996,23706.654863999996,0.0,0.0,0.0,585.12,0.0,0.0,0.0,0.0,0.0,250983.98102988003
008303,36954.216849000004,0.0,102070.10686300001,0.0,0.0,6.8822,1.333333,0.0,3.917101,0.0,7.000000000000001,0.0,0.76,9.498933000000001,0.0,0.0,0.0,0.720741,0.0,179507.63416357
008314,0.0,0.0,143824.192816,0.0,0.0,0.0,13076.984235,0.0,1003.372435,116477.75440800001,0.0,15092.635615000001,6126.289250000001,2.76,0.0,0.0,533.005616,0.0,0.0,113268.51618349999
008382,0.0,0.0,311368.90510800004,0.0,0.0,0.0,39475.684024,3092.4274490000007,76.690518,0.0,0.0,8922.813035000001,3.0280020000000003,19.320000000000004,0.0,6352.4213819999995,0.0,0.720741,0.0,0.0
008413,0.0,0.0,86360.33263100001,0.0,0.0,0.0,0.0,0.0,1465.98,0.0,0.0,7790.377245,15611.629069999999,2.2393599999999996,0.0,0.0,22884.280992,0.0,0.0,0.0
008537,0.0,1715.76,150493.687798,0.0,0.0,548.49526,10696.071455,0.0,3597.8678950000003,228964.75289100004,0.0,2401.544865,4287.590434,0.0,0.0,0.0,3473.5333899999996,0.0,0.0,0.0
008618,0.0,0.0,76063.71218599999,0.0,0.0,13.043199999999999,1.333333,0.0,360.4071129999999,6323.706539000001,1.0,0.0,5832.987365999999,5.914822000000001,0.0,0.0,22727.43891,0.720741,0.0,0.0
008709,0.0,0.0,59905.24377100001,0.0,0.0,0.0,13259.241855000002,0.0,1.804,12609.9228,0.0,4139.24806,7698.730595000001,0.0,0.0,0.0,343.08480000000003,0.0,0.0,208945.67864825003
008737,0.0,0.0,141231.082145,0.0,0.0,0.0,6898.511071999999,0.0,4723.143284,437131.082098,0.0,8239.446609999999,2352.4950719999997,0.0,0.0,0.0,0.0,0.0,0.0,22068.75336602
008769,0.0,49075.2444,185679.567153,8704.4416,0.0,0.0,0.0,0.0,5233.327679999999,1084524.696774,13764.917295,9846.501409,8650.320421,0.0,0.0,0.0,0.0,61.39222199999999,0.0,0.0
008855,6240.488298,0.0,213352.87105999998,0.0,0.0,0.0,0.0,1508.762181,1317.8695659999998,2134.651002,4530.915558000001,16429.796200999997,3835.324582,2120.7817560000003,0.0,2960.3517119999997,0.0,3721.709716,0.0,104452.20877873
008871,3534.112472,0.0,141831.774917,1.6,0.9717530000000001,980.986236,23.016664,0.0,20.154822,3769.539704,5.0,0.0,22.441442,22.005762,0.0,0.0,0.0,0.0,0.0,0.0
008934,0.0,29039.494169999994,47648.167448,0.0,0.0,209.38758,18818.099264999997,0.0,9661.041138,31954.736415,0.0,0.0,8835.050142000002,0.0,0.0,0.0,473.3122359999999,0.0,0.0,59628.78403476001
008958,0.0,0.0,101686.58186199999,0.0,0.0,0.0,0.0,0.0,5537.284584000001,0.0,0.0,8044.19906,0.0,0.0,0.0,0.0,17310.3756,0.0,0.0,93811.02601774
009039,2602.7030190000005,3525.965012,40372.06009,1789.658333,3976.946229,2936.3890980000006,3615.742205,0.0,6556.576022,3497.763551,1890.0815389999998,10750.598496999999,161.17773,147.11999999999998,0.0,1506.3500339999998,1497.89756,608.0518480000001,124.094988,0.0
009043,3940.6091220000003,8893.526468,42082.997725,2577.488148,5629.760773,1843.7697,5155.8955559999995,0.0,4816.684206999999,1338.149746,1286.024664,16744.526833,335.9608749999999,75.36,0.0,4087.9330559999994,2910.11754,1597.3677340000002,82.729992,0.0
009070,1667.5037720000003,44300.0,146056.80654800002,0.0,0.0,1686.4207490000001,0.0,0.0,3.1575820000000006,675.815966,35667.437853999996,0.0,2.7786679999999997,1.1196799999999998,0.0,0.0,0.0,0.0,0.0,0.0
009107,5939.741874,168315.472584,196402.98558399998,19465.635816,14139.613585000001,1514.5644149999998,35922.110432,0.0,1380.033085,455659.284026,12975.95826,20842.590026,0.0,0.0,0.0,8202.641202,9067.339600000001,0.0,0.0,0.0
009127,6018.554271000001,0.0,46550.281529,25077.14388,0.0,1.0,48760.265836,0.0,1711.1926910000002,67100.636284,10172.690999999999,0.0,0.0,0.48,0.0,0.0,0.0,0.0,0.0,231130.20592258996
009162,0.0,0.0,71464.197358,0.0,0.0,1768.1894089999996,0.0,0.0,0.0,1737.8124839999998,0.0,0.0,23588.048167,2.7174110000000002,0.0,0.0,42946.655721,0.0,0.0,2320.01944217
009240,0.0,0.0,182239.519685,0.0,0.0,0.0,0.0,0.0,11690.86074,118801.23851199998,0.0,5369.3076249999995,0.0,0.0,0.0,0.0,0.0,0.0,0.0,56794.52342915999
009341,0.0,5399.81015,101194.59534299998,0.0,0.0,248.477304,0.0,0.0,3953.0834980000004,149389.90401600004,0.0,10426.219169999998,7106.495529999999,0.0,0.0,0.0,0.0,0.0,0.0,193920.23171929002
009398,0.0,171006.24599999998,97345.09200699998,0.0,0.0,1857.9859199999999,0.0,0.0,20906.000266000003,27562.0368,0.0,0.0,1493.895325,0.0,0.0,0.0,0.0,0.0,0.0,0.0
009476,0.0,0.0,179494.092803,0.0,0.0,0.0,0.0,0.0,0.0,1882.630191,0.0,0.0,0.0,0.0,0.0,0.0,0.0,0.0,0.0,8045.558724400001
009492,0.0,0.0,101320.70441599998,0.0,0.0,0.0,0.0,0.0,7760.595013000001,0.0,0.0,0.0,0.0,0.0,0.0,0.0,0.0,4468.747525,0.0,123069.38747602001
009514,0.0,18676.408799999997,75730.686901,0.0,0.0,0.0,0.0,0.0,6946.8617810000005,70632.592374,0.0,5056.413961,3144.900184,1538.9032510000002,0.0,0.0,0.0,3384.455594,0.0,0.0
009538,0.0,0.0,213190.87001899997,0.0,0.0,0.0,0.0,0.0,11.803246,4151.440934,0.0,0.0,0.0,0.8667,0.0,0.0,0.0,0.0,0.0,0.0
009551,4022.483421000001,8406.169365,142233.775932,27517.649631999997,0.0,0.0,15572.664709,181.907497,6265.712146,303927.9224290001,0.0,5232.6343400000005,5329.247897,0.0,0.0,1911.8938139999998,5161.929843,1851.5926000000002,0.0,0.0
009601,0.0,0.0,85305.70692499999,0.0,0.0,0.0,0.0,0.0,0.0,0.0,0.0,0.0,0.0,0.0,0.0,0.0,5961.478525,0.0,0.0,0.0
009658,0.0,7699.597392,69352.45124499999,26750.360341000003,25685.44268,16221.594984000001,18532.488308,0.0,0.0,1544.7222080000001,14728.502271,0.0,0.0,3793.3137970000002,0.0,1160.1894,0.0,7524.735,5063.3474639999995,0.0
009734,0.0,0.0,73919.68861,0.0,0.0,0.0,0.0,0.0,0.0,0.0,0.0,0.0,0.0,0.0,0.0,0.0,0.0,0.0,0.0,330588.4592851799
009794,0.0,0.0,189748.522054,0.0,0.0,0.0,0.0,0.0,28.588303,193130.401232,3396.077097,24658.838904,0.0,0.0,0.0,0.0,0.0,0.0,0.0,0.0
009874,5225.469117,15996.197732,40584.181092000006,3437.9028820000003,7357.458262,1110.839712,9039.922434999999,0.0,6616.933299,22939.352469,0.0,23765.426065,0.0,0.0,0.0,8757.707147999998,6615.721087999999,408.17055999999997,0.0,0.0
009876,0.0,0.0,133433.02717100002,0.0,0.0,0.0,0.0,0.0,0.0,3523.897537,0.0,0.0,0.0,0.0,0.0,0.0,0.0,0.0,0.0,43742.755823299995
009891,1027.236834,0.0,97772.709966,0.0,0.0,1246.038145,2042.5759040000003,0.0,4705.587309,126510.75469799999,12927.052764,0.0,694.6898909999999,1.1196799999999998,0.0,0.0,0.0,0.0,0.0,0.0
009897,70.72814399999999,0.0,23169.204639,0.0,0.0,0.0,0.0,0.0,0.0,0.0,0.0,0.0,0.0,0.0,0.0,0.0,0.0,0.0,0.0,1817362.8802423999
009899,0.0,0.0,118937.270567,0.0,0.0,1235.078364,0.0,0.0,3.098701,0.0,0.0,3455.8816349999997,2229.9692870000003,0.0,0.0,0.0,0.0,0.0,0.0,0.0
009988,0.0,0.0,207553.647653,0.0,0.0,0.0,7804.18152,0.0,0.0,199536.564435,0.0,18763.289554999996,0.0,0.0,0.0,0.0,9009.365600000001,4878.234350000001,0.0,0.0
010004,0.0,0.0,266773.964199,0.0,0.0,0.0,0.0,0.0,9443.595049000001,0.0,0.0,0.0,0.0,0.0,0.0,0.0,0.0,0.0,0.0,74767.37873481
010013,0.0,0.0,115677.667445,0.0,0.0,0.0,0.0,0.0,11726.432239,19926.229011,0.0,21136.147632,0.0,0.0,0.0,2898.6777179999995,39.142539,2220.998817,0.0,130412.31849459
010128,0.0,0.0,112161.14447999999,0.0,0.0,0.0,0.0,0.0,4593.878867,0.0,2.0,0.0,0.0,0.0,0.0,0.0,0.0,3685.3814249999996,0.0,138708.36683657998
010141,2778.8073329999997,0.0,102364.28876699999,0.0,0.0,0.0,57342.61437299999,0.0,1670.5452800000003,25219.8456,0.0,0.0,0.0,640.3199999999999,0.0,0.0,0.0,0.0,0.0,210019.04499315
010160,0.0,128437.305675,300688.49140299996,75502.97254399999,162326.01311200002,0.0,0.0,0.0,9.684886,366969.432545,6267.595872,0.0,0.0,0.0,0.0,0.0,0.0,15.135561000000001,0.0,0.0
010235,0.0,196598.479575,241566.112127,0.0,0.0,0.0,0.0,0.0,1.804,0.0,0.0,0.0,0.0,0.0,0.0,0.0,0.0,0.0,0.0,0.0
010245,0.0,0.0,141857.89995099997,0.0,0.0,0.0,0.0,0.0,0.0,29606.305172,0.0,28208.724212,0.0,0.0,0.0,0.0,0.0,0.0,0.0,0.0
010434,0.0,0.0,45819.992597000004,0.0,0.0,0.0,0.0,0.0,4293.389160000001,0.0,0.0,0.0,0.0,0.0,0.0,0.0,0.0,0.0,0.0,0.0
010685,0.0,0.0,83823.25705999997,0.0,0.0,36.785889,0.0,0.0,0.0,144.81770699999998,0.0,0.0,18908.271843000002,0.0,0.0,0.0,17210.86642,0.0,0.0,0.0
010812,0.0,0.0,123171.22123199998,0.0,0.0,503.20452,1217.614453,0.0,5.13522,27968.769342,16032.470435999998,19368.556959999998,0.0,2.235297,0.0,0.0,31818.118959999996,0.0,0.0,0.0
011125,5973.14784,0.0,99502.146134,0.0,0.0,0.0,38228.535795,5371.621381999999,0.0,66797.81545299999,28165.528332,1133.7072,0.0,2445.7726810000004,0.0,0.0,0.0,13228.204824999999,0.0,0.0
110022,9285.545841000001,0.0,186487.989493,0.0,0.0,0.0,0.0,0.0,0.0,0.0,0.0,8786.13975,0.0,0.0,0.0,0.0,0.0,0.0,0.0,0.0
160127,4285.636542,0.0,133331.65403399998,0.0,0.0,0.0,0.0,0.0,39.071088,0.0,0.0,31075.620489,4.306138,0.0,0.0,6044.051412,0.0,854.5812,0.0,57750.39473411001
160133,14924.541291000003,0.0,135285.40228799998,0.0,0.0,0.0,32157.750144,0.0,462.75083200000006,8471.302983,31.164559999999998,120748.41270200002,1761.72077,4111.98073,0.0,4378.853573999999,4073.910046,8207.540275000001,0.0,0.0
160322,0.0,0.0,0.0,0.0,0.0,0.0,0.0,0.0,0.0,0.0,0.0,0.0,0.0,0.0,0.0,0.0,0.0,0.0,0.0,480126.31263155
160919,8863.223684,0.0,82160.197639,0.0,0.0,0.0,0.0,0.0,20885.513673999998,0.0,0.0,0.0,0.0,5.7436110000000005,0.0,0.0,0.0,0.0,0.0,0.0
162107,0.0,13246.085060000001,142018.389166,121441.52812799999,0.0,0.0,510.69057,0.0,1715.2779999999998,54877.84699799999,0.0,0.0,0.0,788.7430019999999,0.0,0.0,26171.639299999995,0.0,0.0,0.0
162208,5755.160211,37190.93113,123558.87334600002,0.0,0.0,0.0,3280.6371599999998,1106.2413600000002,4122.859576,49018.930374,0.0,5174.060074999999,0.0,0.0,0.0,0.0,0.0,0.0,0.0,0.0
163110,1766.8852410000002,12175.772168000001,110968.32357299999,0.0,2307.404023,1112.8635610000001,546.77286,483.98059500000005,4889.057794,107189.490791,2219.588784,18694.568626000004,689.639183,133.058388,0.0,5674.007448,787.68778,239.792069,0.0,0.0
164205,12378.827333000001,0.0,241531.55820799997,0.0,0.0,0.0,0.0,0.0,58.606632,0.0,0.0,0.0,1591.128,0.0,0.0,0.0,0.0,0.0,0.0,0.0
167702,5767.720211,129026.22113100003,128617.88532300004,37470.464873,44725.736726999996,7652.028547000001,9072.051608,0.0,19729.032494,502768.2412120001,23072.839834000006,6017.930923,115.896004,0.0,0.0,0.0,0.0,1248.607625,0.0,0.0
167703,5767.720211,129026.22113100003,128617.88532300004,37470.464873,44725.736726999996,7652.028547000001,9072.051608,0.0,19729.032494,502768.2412120001,23072.839834000006,6017.930923,115.896004,0.0,0.0,0.0,0.0,1248.607625,0.0,0.0
167705,0.0,19585.718685,106642.89186600002,13521.414139,7624.456112,1898.468179,7125.09262,0.0,5411.642954999999,18461.26235,3737.014144,7441.112759000001,1382.062631,0.0,0.0,433.54445999999996,530.518149,3754.1246720000004,1990.5677000000003,0.0
167706,0.0,19585.718685,106642.89186600002,13521.414139,7624.456112,1898.468179,7125.09262,0.0,5411.642954999999,18461.26235,3737.014144,7441.112759000001,1382.062631,0.0,0.0,433.54445999999996,530.518149,3754.1246720000004,1990.5677000000003,0.0
206012,0.0,48399.15695,232097.15589499997,0.0,0.0,0.0,1771.254765,0.0,102.625624,5183.461671,1795.423995,0.0,0.0,2.7174110000000002,0.0,0.0,7377.51722,0.0,0.0,0.0
240005,0.0,51219.98038,204122.51206999997,0.0,0.0,6920.779114,39573.761376999995,0.0,3.384,1356735.340509,129817.75239899999,0.0,0.0,214.89615,0.0,0.0,0.0,0.0,0.0,0.0
320020,0.0,41326.5216,47418.212823,14743.339343,222666.623636,0.0,37173.89485699999,0.0,150.211784,575290.4803690001,136323.58648499998,0.0,0.0,253.01096700000002,0.0,0.0,0.0,1107.207576,0.0,0.0
320022,0.0,63236.39458600001,102398.731892,8869.325088,912.341958,0.0,11816.631537000001,414.84051,5049.060072000001,615076.5006469999,0.0,3969.0845179999997,3539.698911,13.8,0.0,0.0,1429.0240800000001,0.0,0.0,0.0
340006,0.0,48144.42454499999,102736.54464299999,0.0,0.0,6202.585055,0.0,0.0,10775.690263,192211.660604,9237.708333999999,36401.143144,0.0,0.0,0.0,0.0,23467.461195,13663.138966000002,0.0,0.0
360001,11954.670354000002,20447.32405,105900.72585600002,72496.274054,0.0,0.0,37881.945228,0.0,1416.6786319999999,1817730.220091,5990.584699999999,48581.72495,1911.402246,0.0,0.0,17947.132254,13477.36386,0.0,0.0,0.0
376510,0.0,42084.370254,120141.342948,6317.794992000001,0.0,0.0,0.0,0.0,1875.0336060000002,281232.23677300004,0.0,0.0,0.0,1.316897,0.0,0.0,0.0,0.0,0.0,0.0
399011,0.0,0.0,71102.77053500002,0.0,0.0,0.0,0.0,0.0,0.742745,0.0,0.0,0.0,23541.870489999998,0.0,0.0,0.0,44493.423172,0.0,0.0,0.0
450009,186.66087,0.0,121397.99203800001,0.0,0.0,0.0,9750.78267,0.0,589.848654,283400.53738800006,5176.612254,0.0,0.76249,0.0,0.0,0.0,14404.454352000002,0.0,0.0,0.0
519193,0.0,0.0,269720.29854700004,0.0,0.0,56.99999999999999,0.0,0.0,6869.314860999999,994337.533796,0.0,66931.134168,0.0,0.0,0.0,0.0,0.0,2937.6228749999996,0.0,0.0
519606,0.0,92599.43631899999,168607.087935,0.0,0.0,80.38971599999999,0.0,0.0,14229.728143999999,49909.459354,0.0,6208.872090000001,4.8,3451.9282249999997,0.0,0.0,0.0,0.0,0.0,0.0
519673,0.0,7387.239744999999,96352.81961499999,0.0,0.0,949.0888560000001,352.17931000000004,1190.20287,13808.054196000001,193353.431158,0.0,1009.3651199999999,686.1443960000001,4.956771,0.0,64.769485,7147.203055,144.51514,0.0,0.0
519714,0.0,0.0,135151.322615,0.0,0.0,0.0,3554.02359,5221.815208,65.91222499999999,34588.941441999996,87132.9915,0.0,9704.042172000001,21.671224,0.0,0.0,9122.864726999998,2039.4613200000001,0.0,0.0
519935,0.0,0.0,166090.98049300004,0.0,0.9717530000000001,0.0,1.333333,0.0,35655.859771999996,40309.47882,0.0,0.0,11688.959889,5.914822000000001,0.0,0.0,0.0,0.720741,0.0,0.0
519965,0.0,71784.34024,155385.081564,0.0,0.0,1.0,27340.083448999998,0.0,4.05082,470633.0665420001,0.0,36459.340014999994,0.0,2.7174110000000002,0.0,8079.293214,5374.94822,0.720741,0.0,0.0
519975,0.0,7119.310711,55434.541391000006,1071.2833919999998,0.0,692.845521,868.453875,0.0,3472.804368,1930.9027600000002,1079.792854,294.480753,127.41950000000001,1415.6783200000002,0.0,68.302366,863.836688,0.720741,0.0,0.0
540006,0.0,0.0,285749.76105100004,0.0,0.0,0.0,20830.967365,0.0,6824.037007,624829.1361799999,82228.972521,0.0,0.0,0.0,0.0,0.0,10776.217359999999,3555.9838400000003,0.0,0.0
540007,869.266802,22740.43162,141112.17475399998,0.0,0.0,0.0,0.0,0.0,3.608,140725.81971200003,0.0,0.0,0.0,0.0,0.0,0.0,0.0,0.0,0.0,0.0
540008,0.0,142504.57775,80151.646413,1470.9789,1258.952145,6006.841982999999,0.0,0.0,308.935304,22152.742802,9149.470206,0.0,0.0,83.98828999999999,0.0,0.0,0.0,0.0,0.0,0.0
540009,0.0,0.0,207969.278523,0.0,0.0,0.0,28330.952004,0.0,1.804,51172.12231599999,17995.983944,40657.728431,1788.876461,1.8368,0.0,0.0,0.0,5539.14229,0.0,0.0
540010,0.0,0.0,174014.55453400002,0.0,0.0,0.0,0.0,0.0,16486.999504000003,85935.453543,0.0,0.0,0.0,0.0,0.0,0.0,0.0,3845.6154000000006,0.0,0.0
580008,0.0,48020.965643999996,179152.858997,0.0,0.0,0.0,0.0,0.0,3.7341800000000003,252102.62609199996,0.0,0.0,0.0,0.0,0.0,0.0,0.0,0.0,0.0,10190.69127588
671030,0.0,0.0,193102.488171,0.0,0.0,0.0,0.0,0.0,10.440908,0.0,0.0,6052.6740500000005,13159.269309000001,0.0,0.0,0.0,49.940015,0.0,0.0,0.0
673090,6115.772134999999,84928.88937500001,239868.79875800002,34067.53993200001,32797.67708600001,3911.696885999999,21413.008239,0.0,13168.518224000001,895113.250396,26809.079964999997,10660.893624,1899.97392,0.0,0.0,863.435916,4184.075736,1153.2295490000001,0.0,0.0
900030,421.72349800000006,13755.549869999999,139448.27554899998,0.0,0.0,399.82575599999996,5331.035384999999,535.02205,3842.2518680000007,245463.568149,7847.101412999999,6958.361871,2785.566131,0.0,0.0,4440.5275679999995,4207.509240999999,3236.452286,0.0,0.0
920003,0.0,0.0,211036.374646,0.0,0.0,0.0,0.0,0.0,10523.769198,81498.515316,0.0,0.0,0.0,0.0,0.0,0.0,0.0,0.0,0.0,0.0
920923,0.0,0.0,211036.374646,0.0,0.0,0.0,0.0,0.0,10523.769198,81498.515316,0.0,0.0,0.0,0.0,0.0,0.0,0.0,0.0,0.0,0.0
