fund_code,801020,801030,801040,801050,801710,801720,801730,801890,801740,801880,801110,801140,801010,801120,801130,801150,801200,801210,801080,801750,801760,801770,801160,801170,801180,801780,801790,801230,000000
000082,0.83,3.76,1.48,3.4899999999999998,1.47,1.05,4.59,2.1599999999999997,1.4200000000000002,2.9199999999999995,3.38,0.9900000000000002,1.9500000000000004,10.37,0.13999999999999999,9.05,0.5,1.07,6.33,3.3899999999999997,2.4900000000000007,1.03,1.86,2.3200000000000003,2.65,8.23,10.64,0.3,0.0
000309,0.0,0.02,0.0,0.0,1.67,0.0,0.0,0.06,0.01,3.6899999999999995,6.38,0.0,0.05,7.469999999999999,0.01,6.869999999999999,0.0,0.0,7.7299999999999995,24.380000000000003,0.0,0.0,0.02,5.68,0.0,23.520000000000003,7.07,0.0,0.0
000326,0.47,8.989999999999998,0.0,3.13,0.64,0.97,4.359999999999999,1.1700000000000002,1.9500000000000002,3.74,0.0,3.0700000000000003,2.78,10.67,0.01,11.989999999999998,4.71,0.0,10.610000000000001,5.6899999999999995,1.06,1.06,1.51,3.13,4.51,4.390000000000001,0.0,0.01,0.0
000409,0.0,15.259999999999998,0.0,7.09,0.0,0.0,43.25000000000001,2.8199999999999994,2.88,0.63,3.87,1.89,0.89,4.49,0.0,0.060000000000000005,0.0,0.61,9.49,0.060000000000000005,0.0,0.08,0.01,0.0,0.0,0.0,0.15,0.0,0.0
000411,1.3399999999999999,2.0,1.6300000000000001,1.94,0.45999999999999996,2.05,5.1899999999999995,3.35,1.41,5.210000000000001,3.7900000000000005,0.09999999999999999,0.27,13.889999999999999,0.0,8.200000000000001,0.0,1.49,6.970000000000001,0.6400000000000001,1.21,0.32,2.4899999999999998,0.84,1.39,12.52,13.020000000000001,0.0,0.0
000418,0.0,11.760000000000002,0.0,0.0,1.81,0.0,5.4799999999999995,0.30000000000000004,0.5800000000000001,8.56,7.48,0.0,0.05,5.73,1.7,14.100000000000001,0.0,0.0,11.379999999999999,0.9500000000000001,1.12,3.02,0.05,2.1,0.0,4.65,11.04,0.0,0.0
000457,0.0,0.0,0.0,0.0,7.22,0.5,1.72,1.29,0.0,0.04,5.1499999999999995,21.829999999999995,1.01,0.75,2.27,0.7300000000000001,0.0,0.0,17.82,0.0,6.819999999999999,0.0,0.0,0.98,4.97,9.04,7.08,0.0,0.0
000471,0.0,4.2700000000000005,0.0,1.04,1.2,0.0,2.71,8.01,2.39,0.0,6.05,0.99,3.28,17.14,0.02,9.8,0.37,6.08,6.24,0.53,0.61,0.0,4.75,1.96,1.93,9.44,4.92,0.0,0.0
000513,0.0,10.02,0.0,0.49,5.1,0.0,4.67,9.24,3.4000000000000004,2.88,0.0,0.0,0.0,7.619999999999999,0.09,17.41,0.0,3.32,12.7,2.19,3.94,0.0,0.0,1.94,0.0,4.04,3.04,0.0,0.0
000524,0.0,9.299999999999999,0.0,2.73,0.0,0.04,7.81,3.9299999999999993,0.66,3.33,6.33,4.32,0.05,17.17,0.6,19.22,0.0,1.69,6.429999999999999,1.73,0.0,0.01,0.01,0.0,0.0,3.14,2.05,0.0,0.0
000549,0.05,11.979999999999999,0.95,0.87,1.29,0.17,8.4,6.47,3.25,0.8900000000000001,0.6700000000000002,1.56,2.0999999999999996,2.1699999999999995,0.22,6.470000000000001,0.49,0.55,22.900000000000002,8.19,6.03,2.6799999999999997,0.9800000000000002,0.39,0.1,0.66,3.5700000000000003,0.73,0.0
000577,0.0,8.63,0.0,0.0,3.01,2.72,21.35,3.9499999999999997,0.0,0.0,1.4000000000000001,7.01,0.16,9.370000000000001,0.04,14.32,0.0,0.0,3.91,0.0,5.64,1.48,0.0,0.0,4.14,0.0,3.5,0.0,0.0
000586,0.0,4.5,0.0,4.95,0.0,0.0,8.23,3.21,13.109999999999998,0.15000000000000002,0.01,0.2,0.06,0.0,0.01,10.629999999999999,0.0,0.0,24.610000000000003,22.82,0.06,0.2,0.01,0.0,0.0,0.04,0.0,0.0,0.0
000592,0.0,8.219999999999999,2.19,5.799999999999999,0.28,0.0,12.139999999999999,15.9,7.77,0.01,1.87,0.0,0.01,14.86,0.0,8.56,0.0,4.25,9.98,1.35,1.0,0.03,0.02,0.0,0.0,0.0,0.23,0.0,0.0
000594,5.88,50.78,0.0,5.140000000000001,4.08,0.0,0.0,0.0,0.0,0.02,0.0,3.35,2.98,5.93,0.0,0.02,0.0,0.0,5.55,0.02,4.93,0.0,0.0,0.0,0.0,0.0,5.66,0.0,0.0
000628,4.16,1.45,0.0,0.0,3.06,0.0,15.680000000000001,17.98,0.01,0.01,11.17,0.01,0.8400000000000001,15.74,1.39,8.86,0.02,0.0,7.9799999999999995,0.08,1.05,0.0,0.78,0.0,0.03,0.6,0.09,0.0,0.0
000688,2.1,1.53,0.0,0.0,0.43000000000000005,2.15,6.1,6.78,2.7699999999999996,6.520000000000001,4.799999999999999,0.0,0.0,11.790000000000001,0.0,6.2700000000000005,0.0,1.88,6.909999999999999,2.39,1.59,0.0,0.0,0.06,0.62,9.31,8.95,0.0,0.0
000696,0.0,11.43,0.0,9.1,0.0,0.0,33.940000000000005,3.42,1.48,15.83,4.63,0.0,0.01,1.98,0.05,0.93,0.0,0.0,4.86,0.52,0.0,0.03,2.06,0.0,0.0,0.0,0.0,0.0,0.0
000697,0.0,0.0,0.0,0.0,0.0,0.0,3.26,0.0,4.0,3.9699999999999998,2.2199999999999998,0.0,0.02,0.0,0.0,0.01,0.0,3.49,27.050000000000004,28.82,8.379999999999999,0.54,0.0,2.52,0.0,1.85,4.6,0.0,0.0
000711,0.0,0.0,0.0,0.0,0.0,0.0,0.0,0.01,0.06999999999999999,0.0,0.0,0.0,0.04,0.0,0.01,87.11000000000001,0.0,0.0,0.0,0.01,0.0,0.0,0.0,0.0,0.0,0.0,0.0,0.0,0.0
000729,0.0,13.169999999999998,0.0,2.8699999999999997,2.86,0.86,7.85,9.18,11.08,0.71,0.01,0.01,1.98,4.36,1.35,7.72,0.0,5.9399999999999995,9.37,0.02,9.11,0.04,0.04,0.0,0.0,0.0,0.66,0.0,0.0
000746,0.0,10.46,0.0,8.16,0.84,0.0,15.09,4.83,0.0,1.02,0.0,0.0,2.46,18.589999999999996,0.0,29.330000000000002,0.0,0.0,0.0,0.0,0.0,0.02,0.0,0.0,0.0,0.0,0.0,0.0,0.0
000751,0.0,5.6,0.0,0.0,1.32,0.0,7.56,6.44,5.72,1.87,0.0,0.1,1.02,7.760000000000001,0.0,22.990000000000002,0.0,0.0,4.539999999999999,22.11,2.24,0.0,0.0,0.83,0.0,0.0,0.0,5.37,0.0
000756,0.0,12.18,0.0,2.81,2.89,1.07,5.2,10.18,10.86,0.0,0.0,0.03,1.91,12.23,1.58,5.9399999999999995,0.0,9.870000000000001,7.109999999999999,0.03,9.06,0.01,0.01,0.0,0.0,0.0,0.0,0.0,0.0
000761,0.0,1.8399999999999999,0.0,3.4299999999999997,0.0,0.0,6.480000000000001,0.72,1.34,7.3,7.74,5.75,1.6,11.240000000000002,0.0,12.709999999999997,0.5900000000000001,2.1399999999999997,1.6099999999999999,1.13,0.1,0.01,0.01,0.0,2.32,8.690000000000001,4.76,0.0,11.91
000778,0.0,1.47,2.56,0.0,0.0,0.0,5.670000000000001,11.180000000000001,0.0,7.92,6.45,0.74,4.11,14.07,0.0,7.269999999999999,0.0,0.0,0.07,1.06,0.0,0.0,0.01,0.0,2.67,5.95,10.719999999999999,0.0,0.0
000780,0.0,0.05,0.0,0.0,0.0,0.0,0.12,0.05,0.04,0.0,0.0,0.0,0.05,0.0,0.0,90.25000000000001,0.0,0.0,0.11,0.0,0.0,0.0,0.0,0.0,0.0,0.0,0.15,0.0,0.0
000793,0.0,23.0,2.94,11.03,2.07,0.0,16.680000000000003,4.64,8.03,7.44,0.02,0.69,0.88,1.24,0.0,5.46,0.0,0.0,10.540000000000001,0.0,0.0,0.0,0.0,0.0,0.0,0.0,0.0,0.0,0.0
000803,0.0,2.21,0.15000000000000002,6.34,0.0,4.66,0.09,5.059999999999999,8.309999999999999,6.91,0.0,0.03,0.03,0.04,0.01,0.04,0.0,0.0,1.35,0.04,0.0,0.01,0.01,0.0,0.0,19.39,39.86,0.01,0.0
000828,0.0,19.860000000000003,0.0,11.24,0.0,0.0,38.36999999999999,16.34,0.0,0.01,2.56,0.0,0.0,0.01,0.0,5.2,0.0,0.5,0.02,0.01,0.0,0.0,0.0,0.0,0.0,0.0,0.0,0.0,0.0
000831,0.0,0.1,0.0,0.0,0.0,0.0,0.02,0.01,0.0,0.0,0.01,0.0,0.03,0.0,0.0,94.39,0.0,0.0,0.01,0.07,0.0,0.0,0.0,0.0,0.0,0.0,0.0,0.0,0.0
000854,0.0,1.97,0.0,0.0,0.0,0.0,0.2,0.11,0.0,2.05,0.95,0.0,0.04,45.199999999999996,0.0,24.270000000000003,0.0,0.0,0.09,4.5200000000000005,0.0,0.03,0.0,0.0,0.0,0.8,3.17,0.0,0.0
000866,3.27,14.45,0.0,0.66,5.609999999999999,3.28,1.53,4.2299999999999995,0.01,1.55,4.05,3.96,0.6000000000000001,0.04,0.01,10.569999999999999,0.0,0.0,25.7,0.02,1.57,0.0,2.8,0.01,7.71,0.0,2.85,0.01,0.0
000867,0.0,0.10999999999999999,0.01,6.03,0.92,0.0,5.97,2.2499999999999996,7.8500000000000005,4.3,2.04,0.0,0.05,17.35,0.02,24.250000000000004,0.0,6.43,10.709999999999999,0.04,0.0,0.0,0.0,0.0,0.01,3.55,1.47,0.01,0.0
000884,0.0,0.48000000000000004,0.0,0.0,0.0,0.0,17.880000000000003,1.64,0.0,0.57,13.07,4.62,0.06,6.720000000000001,0.0,20.570000000000004,0.0,2.13,6.07,3.8,0.0,0.0,0.01,2.91,0.0,0.0,7.59,0.0,0.0
000893,0.0,1.93,3.42,4.15,0.0,4.42,4.68,4.029999999999999,4.9,1.6300000000000001,0.05,2.11,0.04,3.65,2.03,6.93,0.0,0.0,3.8,0.11,2.8,2.21,1.08,2.12,8.77,11.77,5.62,0.0,0.0
000913,0.0,0.0,0.0,0.0,0.0,0.0,3.53,0.0,0.0,0.0,0.0,0.0,0.0,0.0,0.0,90.46999999999998,0.0,0.0,0.0,0.0,1.15,0.01,0.0,0.0,0.0,0.0,0.0,0.0,0.0
000916,5.54,4.319999999999999,3.57,1.12,5.24,2.3200000000000003,2.0299999999999994,1.8,0.01,5.029999999999999,3.6999999999999997,2.74,2.2699999999999996,6.9399999999999995,1.9,5.949999999999999,0.67,1.5,3.869999999999999,0.07,3.49,0.0,3.42,4.15,7.58,8.84,5.040000000000001,0.01,0.0
000925,0.0,2.32,0.34,2.3200000000000003,6.43,0.65,12.69,0.8300000000000001,0.0,0.49,0.52,5.72,0.76,19.8,0.0,10.06,3.0,7.95,7.030000000000001,0.0,0.39,0.0,0.29,0.0,0.93,6.96,0.36,0.0,0.0
000955,0.0,3.61,0.0,0.0,0.79,0.0,7.7299999999999995,3.81,1.08,6.43,4.47,2.11,3.4499999999999997,14.04,0.0,19.549999999999997,2.29,0.01,2.03,1.06,15.280000000000001,0.0,1.18,0.83,0.0,1.6,0.0,0.0,0.0
000960,0.0,0.02,0.0,0.0,0.0,0.0,0.06,0.9400000000000001,0.0,0.0,0.01,0.0,0.03,0.0,0.0,90.59000000000002,0.0,0.0,0.060000000000000005,0.04,0.0,0.0,0.0,0.0,0.0,0.0,0.0,0.0,0.0
000971,1.11,0.36000000000000004,0.0,0.01,0.0,0.0,3.15,11.699999999999998,0.15,0.0,0.02,0.0,1.8199999999999998,27.779999999999998,0.0,12.989999999999998,0.0,9.09,1.4600000000000004,21.419999999999998,0.0,0.0,0.0,0.0,0.02,0.98,0.19,0.0,0.0
000974,0.0,2.2699999999999996,0.0,0.0,0.52,9.73,7.71,1.2000000000000002,0.01,0.01,11.91,11.350000000000001,0.16,16.67,0.01,16.719999999999995,0.0,0.01,0.56,0.08,7.55,0.0,0.06,0.0,6.28,0.0,0.0,0.0,0.0
000978,1.8900000000000001,8.190000000000001,3.58,3.8499999999999996,1.1,2.4699999999999998,5.58,4.01,3.9,3.06,0.86,2.2,1.7200000000000002,5.659999999999999,0.6299999999999999,7.469999999999999,0.0,0.43,7.02,2.3499999999999996,4.789999999999999,1.5300000000000002,4.71,2.83,1.16,1.5599999999999998,2.39,0.0,0.0
000979,0.0,3.64,0.0,0.0,0.0,0.0,0.15,0.03,0.01,0.0,0.0,0.0,0.04,3.78,0.0,12.52,0.0,0.0,0.73,0.0,11.350000000000001,0.11,6.18,3.23,0.0,0.0,0.0,0.0,40.629999999999995
000985,0.0,11.610000000000001,0.0,4.74,0.0,0.0,29.189999999999998,0.01,0.0,15.01,0.0,5.82,0.04,3.7899999999999996,0.0,0.03,0.0,4.91,0.02,16.11,2.61,0.02,0.0,0.0,0.0,0.0,0.0,0.0,0.0
000991,0.0,4.57,2.1,0.0,3.85,9.58,3.9699999999999998,1.14,1.04,3.9899999999999998,0.0,1.4,0.02,0.0,0.0,0.42,0.0,1.18,4.88,1.11,9.33,0.8700000000000001,0.66,2.29,1.14,27.01,10.7,0.0,0.0
000996,0.0,0.01,0.0,0.0,0.0,0.0,4.3,0.05,0.0,0.0,0.0,0.0,0.04,34.55,0.1,17.66,0.0,0.0,8.42,18.7,0.0,0.0,0.0,7.96,0.0,0.0,0.0,0.0,0.0
001008,0.0,22.42,4.04,2.0599999999999996,1.65,0.0,20.650000000000002,4.85,0.05,9.309999999999999,0.03,0.0,0.04,10.73,0.0,8.139999999999999,0.0,0.0,4.14,0.02,0.0,0.06999999999999999,0.0,0.0,0.0,1.79,4.590000000000001,0.0,0.0
001009,0.0,5.54,0.0,2.13,0.0,0.0,8.1,11.41,5.359999999999999,2.26,0.03,0.0,0.38999999999999996,11.100000000000001,0.0,17.25,0.0,5.29,4.29,1.78,1.56,0.01,6.0,0.0,0.0,0.0,3.9800000000000004,0.0,0.0
001028,0.07,12.09,0.33999999999999997,1.86,1.1800000000000002,0.26,8.549999999999999,5.16,3.77,0.8999999999999999,0.79,0.97,2.4299999999999997,1.37,0.19,7.06,0.73,0.8999999999999999,22.26,8.2,5.9,3.05,0.98,0.46,0.15000000000000002,0.49,3.7399999999999998,0.6400000000000001,0.0
001036,0.0,6.2,0.0,1.09,0.01,0.0,8.3,4.199999999999999,4.5,2.0,0.0,0.06,0.93,5.67,0.0,9.62,0.0,0.0,11.03,22.319999999999997,1.91,0.83,0.02,1.5,0.0,0.0,0.0,4.26,0.0
001039,0.0,5.51,0.0,0.0,0.0,0.0,10.279999999999998,4.59,8.02,13.150000000000002,6.23,3.5,0.04,0.0,0.0,5.930000000000001,0.0,0.0,20.400000000000002,9.8,0.0,0.0,0.01,0.0,0.0,1.25,0.0,3.3,0.0
001040,0.0,5.1,0.0,0.0,2.35,0.0,11.079999999999998,22.44,0.0,1.17,10.77,0.8600000000000001,0.06,6.199999999999999,0.38,26.710000000000004,0.0,0.0,0.06,1.07,0.87,0.08,0.01,0.0,3.32,0.0,0.2,0.0,0.0
001042,0.0,2.619999999999999,0.01,2.5,0.0,0.0,6.08,12.4,10.889999999999999,5.309999999999999,1.59,0.02,0.05,1.73,0.12,4.01,0.0,3.08,12.399999999999999,25.89,2.82,1.27,0.01,0.01,0.01,0.0,0.43,0.56,0.0
001043,0.0,3.169999999999999,2.09,1.25,1.18,0.0,7.38,3.8399999999999994,2.1300000000000003,0.16,2.3499999999999996,0.0,0.08,13.010000000000002,0.0,17.570000000000004,0.0,0.0,5.229999999999999,2.01,0.8200000000000001,0.03,0.03,0.0,3.3799999999999994,9.67,9.2,0.0,0.0
001044,0.0,0.0,0.0,0.0,0.0,0.0,0.07,0.05,0.0,9.1,6.68,7.25,0.04,32.92,0.0,8.93,3.61,0.0,9.29,0.01,8.14,0.0,0.0,7.53,0.0,0.0,0.0,0.0,0.0
001047,0.0,0.0,0.0,0.0,0.0,0.0,0.0,5.449999999999999,0.0,1.96,8.57,0.0,0.0,24.189999999999998,0.0,6.01,0.0,0.01,7.37,7.89,7.14,0.0,0.02,3.74,4.82,5.03,5.8,0.0,0.0
001048,0.0,2.12,0.0,2.46,0.78,0.0,7.16,11.409999999999998,5.38,0.0,0.0,1.44,0.64,10.34,0.01,25.660000000000004,0.0,2.09,8.299999999999999,10.67,2.1799999999999997,0.0,0.0,0.0,0.0,0.0,1.23,1.02,0.0
001050,1.4200000000000002,7.410000000000001,2.69,2.78,2.65,0.51,7.71,3.9199999999999995,3.8899999999999997,3.3999999999999995,2.02,2.87,3.54,6.35,0.09,10.819999999999999,0.37,1.84,8.14,3.55,2.63,1.5699999999999998,3.51,1.48,1.4400000000000002,0.6699999999999999,3.8899999999999997,0.56,0.0
001054,0.0,6.109999999999999,2.52,5.87,0.0,0.0,10.430000000000001,4.93,6.68,1.0,2.1,1.96,1.11,16.750000000000004,0.0,3.2299999999999995,0.0,0.0,8.010000000000002,0.0,0.11,0.0,0.0,0.0,0.0,11.6,8.11,0.0,0.0
001070,0.0,15.26,0.0,0.0,0.0,0.0,11.94,10.100000000000001,8.7,1.94,1.75,0.0,0.04,5.8100000000000005,0.01,5.279999999999999,1.14,4.29,14.53,2.15,4.12,2.07,0.01,0.0,0.0,0.0,3.94,0.0,0.0
001072,0.0,6.909999999999999,0.01,3.76,0.0,0.0,18.630000000000003,1.2499999999999998,1.3499999999999999,3.6099999999999994,0.26,0.81,0.0,0.07999999999999999,0.52,1.5200000000000002,0.0,4.83,41.53999999999999,0.44000000000000006,2.15,0.03,0.04,1.7,0.0,0.01,0.79,1.36,0.0
001097,0.0,0.03,0.0,0.0,0.0,0.0,19.030000000000005,3.2999999999999994,0.0,0.01,6.57,0.0,0.0,0.02,0.0,0.02,0.0,0.01,15.54,32.82999999999999,4.95,3.81,0.05,0.0,0.0,0.0,0.0,3.28,0.0
001104,0.0,3.7399999999999998,0.0,0.0,0.0,0.0,10.37,0.05,0.01,2.3999999999999995,1.4,1.86,0.0,33.12,0.0,22.549999999999997,0.0,8.28,5.09,1.03,1.8599999999999999,0.03,0.0,1.52,0.0,0.0,0.29,0.0,0.0
001105,0.09,4.829999999999998,0.05,0.1,5.049999999999999,0.02,9.669999999999998,8.540000000000001,4.07,3.3199999999999985,12.289999999999997,1.08,0.8600000000000001,28.770000000000003,0.0,6.1899999999999995,0.32,4.4399999999999995,0.55,2.09,0.16000000000000003,0.04,0.02,0.11,0.12000000000000001,0.09,0.12999999999999998,0.0,0.0
001126,0.0,3.07,0.0,1.66,0.0,0.0,11.319999999999999,5.540000000000001,2.1299999999999994,2.4,3.4999999999999996,1.61,0.05,11.19,0.02,22.840000000000007,0.0,8.69,11.26,1.84,0.0,0.01,2.3099999999999996,1.56,0.0,0.0,0.0,0.0,0.0
001158,0.0,24.32,8.719999999999999,10.51,5.85,0.0,24.49,1.0,2.69,0.53,0.0,0.01,0.04,3.28,0.0,2.3599999999999994,0.0,0.0,5.95,0.0,0.0,0.0,1.59,0.0,0.0,0.0,0.08,0.0,0.0
001162,1.67,0.0,0.0,1.76,1.55,1.71,0.0,1.68,1.75,4.42,8.08,0.0,2.03,11.07,0.09,9.2,0.0,0.0,12.08,0.0,0.0,10.51,1.95,1.78,2.46,6.04,13.36,0.0,0.0
001163,0.0,1.98,0.0,0.76,0.0,0.0,1.08,0.02,2.19,0.0,10.440000000000001,4.62,3.84,46.18,0.0,0.04,0.0,0.34,4.209999999999999,7.119999999999999,2.47,0.0,0.0,4.02,0.0,4.71,0.13,0.0,0.0
001166,0.0,19.350000000000005,0.0,1.51,0.0,0.0,46.19,3.31,0.0,3.1799999999999997,3.73,0.0,0.06,0.0,0.0,0.07,0.0,0.0,4.35,0.0,0.0,0.0,6.26,0.0,0.0,0.0,0.0,0.0,0.0
001167,0.0,8.370000000000001,0.0,4.2,3.86,0.0,11.59,14.01,4.26,8.57,5.54,0.0,0.060000000000000005,12.579999999999998,0.01,7.859999999999999,0.0,2.46,3.62,0.04,1.94,0.01,0.0,0.0,0.0,5.23,0.37,0.0,0.0
001171,0.0,2.3,0.0,0.0,0.0,0.0,0.0,6.789999999999999,0.03,0.53,0.01,0.0,0.04,0.0,0.0,79.25999999999999,0.75,0.0,0.060000000000000005,3.91,0.0,0.0,0.0,0.0,0.0,0.0,0.06,0.0,0.0
001178,0.0,3.62,0.0,2.75,0.0,0.0,0.0,3.1499999999999995,4.839999999999999,0.01,10.24,0.67,2.27,7.97,0.0,0.36000000000000004,0.0,3.8699999999999997,7.95,0.03,15.389999999999999,0.0,0.01,0.0,6.42,6.35,4.72,0.0,0.0
001186,0.0,2.01,0.0,4.91,0.0,0.0,2.7,8.29,2.63,3.89,0.0,0.0,7.26,2.49,0.0,2.8199999999999994,0.0,11.219999999999999,7.819999999999999,0.0,7.43,0.0,3.19,8.39,2.79,6.08,2.11,0.0,0.0
001188,0.0,0.13,1.48,0.01,0.0,0.0,15.61,2.3499999999999996,4.39,0.0,0.05,2.1,2.88,11.18,0.0,22.529999999999998,0.0,3.19,23.57,5.01,0.0,0.01,0.05,0.0,0.0,0.0,0.31,0.0,0.0
001193,0.0,0.07,0.01,0.0,0.0,0.0,0.02,0.10999999999999999,0.0,0.02,13.839999999999998,2.6799999999999993,0.0,51.910000000000004,0.0,8.36,0.0,4.02,3.3899999999999997,0.08,1.58,0.03,0.01,0.0,0.0,0.93,4.11,0.0,0.0
001195,0.0,1.7,1.85,0.26,2.91,0.0,0.6100000000000001,5.3199999999999985,0.0,12.389999999999999,2.02,0.03,39.09,7.579999999999999,0.0,1.29,0.0,0.0,5.85,0.6100000000000001,1.82,0.0,0.0,2.86,1.56,0.61,0.02,0.0,0.0
001208,2.14,6.159999999999999,0.2,0.0,1.37,5.87,0.19000000000000003,2.0100000000000002,0.01,1.62,0.46,0.0,0.18000000000000002,2.4299999999999997,0.12,3.5500000000000003,0.0,0.01,4.87,1.11,3.64,0.21000000000000002,5.16,5.15,12.47,8.39,12.73,0.0,0.0
001223,0.0,0.18000000000000002,0.01,0.0,0.0,0.0,3.7399999999999993,0.03,0.06999999999999999,0.01,0.11,0.0,0.06999999999999999,0.02,0.0,2.75,0.0,14.05,6.569999999999999,0.6799999999999999,43.71,6.15,1.0,0.0,0.0,0.24,3.8899999999999997,0.0,0.0
001230,0.0,0.0,0.0,0.0,0.0,0.0,0.21000000000000002,0.060000000000000005,0.0,1.72,0.0,4.67,0.05,0.0,0.0,78.64,0.0,0.0,0.08,0.17,0.0,0.0,0.01,0.0,0.0,0.0,0.1,0.0,0.0
001236,0.0,19.03,7.59,4.17,0.0,0.0,13.68,0.06999999999999999,4.51,2.35,0.0,1.77,0.03,3.17,0.0,7.269999999999999,0.0,0.0,15.349999999999998,3.48,0.98,0.01,2.48,0.0,2.36,0.0,0.0,0.0,0.0
001245,0.0,14.05,1.06,9.120000000000001,1.53,0.0,30.700000000000006,4.46,0.01,10.190000000000001,0.02,0.34,0.03,1.01,0.0,5.31,0.0,0.0,11.279999999999998,0.6900000000000001,0.0,0.01,0.0,0.0,0.0,0.0,0.14,0.0,0.0
001277,1.9,2.76,1.0999999999999999,3.1799999999999997,2.5,6.140000000000001,9.25,9.5,3.5100000000000002,3.3400000000000003,1.13,2.15,0.55,6.57,0.43,6.069999999999999,0.0,0.75,7.999999999999999,2.3000000000000003,1.84,0.19,1.2100000000000002,0.42000000000000004,0.37,5.58,5.03,2.38,0.0
001291,0.18,4.6499999999999995,0.52,3.13,1.71,0.0,7.0200000000000005,5.44,2.96,4.7,4.460000000000001,2.08,4.19,13.58,0.01,8.909999999999997,0.0,1.33,6.259999999999999,2.5099999999999993,0.62,0.02,1.25,3.05,0.96,6.9799999999999995,6.4,0.75,0.0
001313,0.0,3.77,0.0,4.05,0.8300000000000001,0.0,6.82,10.68,0.0,2.5700000000000003,2.93,1.23,0.06,10.360000000000001,0.0,24.850000000000005,0.0,5.18,10.499999999999998,0.0,0.21000000000000002,0.0,0.0,2.08,0.0,3.01,2.24,0.0,0.0
001319,0.0,0.0,0.0,1.1,0.0,0.0,7.110000000000001,0.51,0.97,0.0,0.0,0.0,0.0,0.0,0.0,0.01,0.0,0.01,40.589999999999996,27.849999999999998,10.2,1.99,0.0,0.0,0.0,0.0,2.22,0.0,0.0
001396,0.0,11.51,0.0,3.72,0.0,0.0,12.790000000000001,2.9499999999999993,0.0,0.04,0.0,0.95,0.06,22.12,5.2299999999999995,3.4899999999999993,0.0,8.3,21.59,0.01,0.0,0.0,0.01,0.0,0.0,0.0,0.0,0.0,0.0
001404,0.0,0.060000000000000005,0.0,0.0,0.0,0.0,12.05,13.05,0.03,0.02,0.04,0.0,0.06,0.0,0.02,0.13999999999999999,0.0,0.01,65.73000000000002,0.0,0.0,0.0,0.01,0.0,0.01,0.0,0.0,0.0,0.0
001409,0.0,10.35,0.83,1.33,0.0,0.0,12.94,4.4799999999999995,5.0,2.3,0.0,1.26,1.57,8.81,0.0,7.33,0.18,0.0,15.589999999999998,8.129999999999999,5.97,1.37,0.0,0.0,0.0,2.55,3.58,0.4,0.0
001410,0.66,5.289999999999998,0.01,12.280000000000001,0.08,0.11,7.689999999999999,6.299999999999999,2.13,2.44,2.4499999999999997,0.41,0.0,1.0,0.0,1.11,0.0,0.0,40.52999999999999,4.78,0.08999999999999998,0.9400000000000001,0.29000000000000004,1.5599999999999998,0.01,0.16999999999999998,0.15,0.0,0.0
001416,1.1800000000000002,6.91,0.76,2.38,0.3,0.0,14.88,5.25,4.46,5.109999999999999,3.67,0.6799999999999999,0.98,13.45,0.0,8.809999999999999,0.0,0.03,6.489999999999999,2.5199999999999996,0.71,0.08,0.33,0.5900000000000001,0.0,9.290000000000001,2.21,0.58,0.0
001421,0.89,8.88,1.01,5.63,2.7,0.0,13.14,3.1899999999999995,1.01,0.13,1.09,0.0,1.22,5.179999999999999,0.01,4.21,0.0,1.9,5.1,9.229999999999999,3.12,0.69,0.01,0.01,0.0,2.17,15.219999999999999,0.01,0.0
001473,0.0,1.67,0.0,0.0,0.0,0.0,8.99,3.42,0.0,5.29,7.0,0.0,0.03,18.18,0.0,6.239999999999999,0.0,0.0,3.26,5.6899999999999995,0.0,3.39,0.02,0.0,10.97,9.1,0.41,0.0,0.0
001476,0.0,0.55,0.0,0.68,2.3,0.0,43.830000000000005,8.049999999999999,0.04,12.370000000000001,0.0,0.0,0.04,0.29,0.0,0.6100000000000001,0.0,0.0,12.22,2.0,1.49,0.0,0.36,1.23,0.0,0.0,0.0,0.0,0.0
001482,0.0,7.27,0.0,0.0,0.0,0.0,9.01,5.3,0.65,4.06,4.92,0.04,0.0,18.04,0.55,20.05,0.0,5.52,10.32,1.6,0.0,0.01,0.0,0.0,0.0,2.54,1.79,0.0,0.0
001490,0.0,4.4799999999999995,2.62,1.43,0.0,0.0,18.97,0.04,0.0,0.5,0.0,0.24,0.78,17.269999999999996,0.0,11.61,2.15,7.49,8.399999999999999,1.77,0.0,0.0,0.31,1.4,1.6300000000000001,4.680000000000001,1.15,0.8,0.0
001496,0.0,9.94,2.54,1.7000000000000002,0.0,0.0,0.14,4.0,1.9400000000000002,4.58,0.01,0.0,1.97,13.42,0.01,21.23,0.0,0.0,18.060000000000006,0.65,10.700000000000001,0.04,0.02,0.0,0.0,0.0,0.47,0.0,0.0
001520,0.9,4.749999999999999,0.0,3.88,0.0,0.0,8.7,2.6199999999999997,0.0,0.09000000000000001,4.63,2.13,0.04,16.68,0.05,6.55,0.0,3.3,7.56,1.01,1.97,0.01,0.03,2.45,3.0,8.600000000000001,12.270000000000001,0.01,0.0
001521,0.0,9.029999999999998,0.0,0.01,1.98,0.0,22.380000000000003,10.209999999999999,3.61,8.41,1.05,2.74,0.0,0.0,0.01,6.58,0.0,0.02,25.04,0.04,0.0,0.0,0.01,0.0,0.0,0.0,0.33,0.0,0.0
001528,0.0,5.329999999999999,0.01,0.0,0.0,2.38,9.03,3.529999999999999,0.06999999999999999,7.509999999999999,5.14,11.58,1.8,14.979999999999999,0.02,4.39,0.0,0.01,13.899999999999999,3.2099999999999995,0.0,1.86,0.04,0.01,0.01,2.99,2.32,0.01,0.0
001541,0.0,3.2199999999999998,0.0,6.53,0.78,0.0,6.0,0.67,4.11,1.6800000000000002,4.41,2.92,0.11,4.87,0.01,1.2500000000000002,0.0,2.33,16.140000000000004,2.21,15.3,0.0,0.01,0.0,0.87,8.47,8.6,0.0,0.0
001542,0.0,0.0,0.0,0.0,1.01,0.0,7.27,0.0,15.63,0.14,0.0,0.39,0.08,14.9,0.0,7.46,0.0,4.13,12.18,27.830000000000002,0.64,0.0,0.0,0.0,0.0,0.0,2.24,0.0,0.0
001576,0.0,13.469999999999999,0.0,2.09,0.0,0.0,18.41,12.489999999999998,0.03,0.0,10.27,10.17,0.02,0.0,0.04,5.01,0.0,0.0,8.8,6.74,0.0,0.01,0.0,0.0,0.0,0.0,0.0,0.0,0.0
001577,0.0,13.360000000000001,0.0,0.0,0.0,0.15,0.2,0.15000000000000002,2.4899999999999998,0.83,14.82,5.32,5.13,14.62,0.0,3.59,0.0,0.0,5.2,0.19000000000000006,0.0,0.0,0.0,2.06,8.03,12.91,4.19,0.0,0.0
001579,0.0,15.85,0.0,0.0,0.0,0.0,4.279999999999999,0.06,0.0,0.03,0.01,0.0,42.379999999999995,25.5,0.01,2.84,0.0,0.0,0.04,0.03,0.0,0.02,0.0,0.0,0.01,0.0,0.2,0.0,0.0
001583,1.02,0.08,0.0,0.03,3.56,18.220000000000002,0.2,0.05,0.0,3.53,2.3599999999999994,0.6900000000000001,0.09,2.86,3.58,0.32999999999999996,2.08,0.0,3.4299999999999997,5.76,0.6,0.01,1.49,0.02,26.37,10.700000000000001,7.029999999999999,0.0,0.19
001605,0.0,11.479999999999999,0.0,0.7,0.0,0.0,11.25,1.09,0.0,0.0,1.83,1.08,0.02,3.18,0.0,4.24,0.0,0.84,4.01,0.84,0.0,0.0,0.0,0.33,0.0,2.9699999999999998,0.03,0.0,46.980000000000004
001616,0.0,19.209999999999997,0.0,11.89,0.0,1.07,12.82,0.0,12.28,7.97,3.93,0.0,0.02,0.0,0.03,0.01,0.0,0.0,5.26,13.34,1.3,0.01,0.0,0.0,0.0,0.0,0.0,0.0,0.0
001626,0.0,16.830000000000002,0.0,1.07,0.0,0.0,5.920000000000001,15.019999999999998,0.09,0.18000000000000002,5.48,0.04,0.03,16.830000000000005,0.09,3.87,0.0,0.0,3.1699999999999995,0.09999999999999999,0.0,0.13,0.01,0.0,0.0,4.65,11.06,0.0,0.0
001628,0.0,7.059999999999999,0.0,0.0,7.1899999999999995,0.0,7.8999999999999995,7.41,0.0,2.51,2.02,0.0,0.0,4.069999999999999,0.0,22.49,0.0,0.0,6.13,5.44,14.06,0.01,2.0,0.0,0.0,0.0,3.96,0.0,0.0
001637,2.69,7.08,2.71,4.01,1.62,1.44,5.0,3.3,3.4199999999999995,4.479999999999999,0.18000000000000002,2.88,3.1299999999999994,3.66,0.5800000000000001,9.159999999999998,1.5,0.79,7.089999999999999,4.4399999999999995,2.9299999999999997,1.26,4.66,1.71,2.8,1.9,3.1300000000000003,0.24,0.0
001638,1.67,0.0,0.0,1.76,1.55,1.71,0.0,1.68,1.75,4.42,8.08,0.0,2.03,11.07,0.09,9.2,0.0,0.0,12.08,0.0,0.0,10.51,1.95,1.78,2.46,6.04,13.36,0.0,0.0
001643,2.8699999999999997,30.36,0.38,18.1,0.0,0.02,14.95,12.54,5.569999999999999,2.11,0.0,0.31,0.0,0.0,0.0,0.01,0.0,0.0,1.12,1.79,0.71,0.0,2.37,0.0,0.36,0.0,0.68,0.0,0.0
001644,2.8699999999999997,30.36,0.38,18.1,0.0,0.02,14.95,12.54,5.569999999999999,2.11,0.0,0.31,0.0,0.0,0.0,0.01,0.0,0.0,1.12,1.79,0.71,0.0,2.37,0.0,0.36,0.0,0.68,0.0,0.0
001645,0.0,5.93,0.0,0.0,0.0,0.0,2.02,14.019999999999998,0.0,5.85,0.0,0.0,0.05,0.0,15.02,39.47999999999999,0.0,0.0,9.38,0.02,0.0,0.0,0.0,0.0,2.6,0.0,0.09,0.0,0.0
001651,1.87,8.44,0.0,1.07,0.0,1.81,0.26,0.16,0.01,13.27,9.1,0.0,0.03,14.35,0.0,1.07,0.0,1.14,4.83,0.06999999999999999,4.94,0.01,0.04,2.99,3.52,5.8999999999999995,6.529999999999999,0.0,0.0
001663,0.0,0.02,0.0,0.0,0.0,0.0,4.35,0.0,2.76,0.0,0.0,0.0,0.0,0.03,3.61,5.880000000000001,0.0,2.11,18.41,25.950000000000006,22.189999999999998,0.01,0.0,0.0,0.0,0.0,0.0,0.0,0.0
001672,0.0,6.909999999999999,0.0,0.02,0.0,0.0,17.68,11.129999999999997,0.0,6.28,4.18,7.44,0.0,0.0,0.0,4.5,0.0,0.0,31.460000000000004,1.37,0.0,0.01,0.01,0.0,0.0,0.0,0.47,0.0,0.0
001677,0.0,0.03,0.0,0.0,0.0,0.0,19.1,5.13,2.61,1.79,2.05,0.0,0.060000000000000005,17.619999999999997,0.01,28.88,0.0,9.92,0.66,0.06999999999999999,0.0,0.04,0.02,1.21,1.38,0.0,1.53,0.0,0.0
001678,5.21,10.979999999999999,0.0,0.0,0.0,0.0,4.9799999999999995,0.28,0.0,10.58,0.0,0.0,0.0,1.52,0.0,5.85,4.78,0.0,12.3,2.01,0.0,0.0,4.75,6.33,0.0,10.4,11.030000000000001,0.0,0.0
001685,0.0,0.0,0.0,0.0,0.0,0.0,9.02,0.0,0.0,0.0,0.0,0.0,0.0,7.12,0.0,11.95,0.0,0.0,0.0,4.98,0.0,0.0,0.0,2.5,0.0,0.0,2.68,0.0,52.440000000000005
001692,0.0,1.44,0.0,0.02,0.0,0.0,9.770000000000001,0.07999999999999999,3.8899999999999997,0.0,5.98,0.02,0.05,12.2,0.01,14.319999999999999,0.0,5.52,12.0,14.14,7.720000000000001,0.22,0.01,0.01,0.0,0.0,0.98,0.01,0.0
001696,0.0,10.31,0.01,1.33,0.0,0.0,13.65,2.9199999999999995,0.0,2.13,1.26,1.79,0.97,22.230000000000004,0.01,18.630000000000003,0.0,2.17,6.140000000000001,0.10999999999999999,0.0,0.01,0.01,0.01,0.0,4.720000000000001,2.95,0.01,0.0
001703,0.0,0.04,1.64,5.93,0.0,0.0,0.0,7.179999999999999,1.23,0.73,0.0,1.57,0.03,16.500000000000004,0.0,14.5,0.0,1.82,2.1799999999999993,0.01,1.02,0.0,0.0,0.0,0.0,0.0,0.57,0.0,36.559999999999995
001705,0.0,9.53,0.0,0.0,0.0,0.0,21.760000000000005,8.84,0.0,0.0,4.11,0.0,0.02,12.46,0.0,12.1,0.0,0.0,5.3500000000000005,2.74,0.0,0.0,0.0,1.62,2.98,3.9299999999999997,6.47,0.0,0.0
001707,0.0,0.07,0.01,7.74,0.0,0.0,0.03,3.9099999999999993,26.200000000000003,18.46,8.84,2.9499999999999993,0.04,0.04,0.01,0.15000000000000002,0.0,0.01,13.86,0.04,0.0,0.01,0.02,0.01,0.0,0.0,1.57,0.01,0.0
001714,0.0,8.38,1.32,6.68,0.0,0.0,0.01,3.6799999999999997,1.48,13.94,3.0,1.15,3.03,17.21,0.0,10.879999999999997,0.89,0.0,10.679999999999998,2.05,6.13,2.49,0.0,0.0,0.0,0.0,0.0,0.0,0.0
001717,0.0,0.0,0.0,0.0,0.0,0.0,0.0,0.02,0.01,0.0,0.0,0.0,0.02,0.0,0.0,93.99000000000001,0.0,0.0,0.0,0.0,0.0,0.01,0.0,0.0,0.0,0.0,0.03,0.0,0.0
001718,0.0,3.3499999999999996,6.0,6.949999999999999,0.0,0.56,2.58,5.24,19.119999999999997,10.08,0.0,0.0,0.0,1.75,0.0,0.0,0.0,2.5,4.29,3.9299999999999997,2.84,2.9099999999999997,0.02,7.17,0.0,2.59,7.78,0.0,0.0
001719,0.0,9.749999999999998,7.81,25.630000000000003,0.0,0.0,0.23,0.18000000000000002,1.95,0.01,0.0,0.0,3.91,0.02,0.01,0.2,0.0,0.0,0.02,6.369999999999999,0.0,0.0,0.01,0.01,0.0,0.0,37.0,0.01,0.0
001725,0.0,0.02,0.0,2.18,1.89,0.0,3.25,0.8500000000000001,12.36,1.27,3.45,0.0,0.03,23.430000000000003,0.0,8.649999999999999,0.0,0.0,7.199999999999999,4.56,0.0,0.0,0.0,1.08,3.15,7.51,2.65,0.01,0.0
001726,0.0,1.01,0.0,0.01,0.0,0.0,9.47,0.04,0.05,0.0,2.0,0.0,0.03,23.1,0.01,14.219999999999999,0.0,8.07,16.86,5.409999999999999,13.93,0.0,0.01,0.0,0.0,0.0,0.0,0.0,0.0
001733,0.6699999999999999,2.6099999999999994,0.49,2.03,1.0999999999999999,1.44,3.9799999999999995,2.1299999999999994,1.29,2.75,4.6899999999999995,0.39,1.6700000000000002,13.04,0.0,8.56,0.34,1.42,8.51,2.369999999999999,1.54,1.0899999999999999,1.53,2.3699999999999997,2.9200000000000004,11.25,13.450000000000001,0.0,0.0
001736,0.6,11.38,3.36,5.17,4.11,1.99,4.96,7.47,4.09,2.34,0.0,2.83,1.85,0.05,1.64,9.639999999999999,0.0,0.0,10.469999999999999,3.6900000000000004,0.0,5.47,2.08,0.57,3.09,0.48,5.12,0.0,0.0
001749,0.0,10.19,0.0,2.25,3.48,0.0,14.190000000000001,13.360000000000001,0.060000000000000005,0.81,0.06,0.0,0.03,2.93,0.01,12.379999999999999,0.0,0.0,3.57,7.79,0.0,0.01,0.02,3.3,0.0,4.96,4.98,0.0,0.0
001764,0.0,0.53,0.0,0.0,0.9,0.0,0.0,0.0,0.0,0.0,0.0,0.0,0.0,1.99,0.0,0.73,0.82,0.0,0.07,0.0,0.0,0.0,0.0,0.0,0.0,0.0,0.0,0.58,74.92
001766,0.0,0.15,0.0,0.0,0.0,0.0,0.0,1.61,0.01,0.0,0.02,0.0,0.0,0.0,0.0,73.1,0.0,2.83,0.07,0.04,3.67,0.0,0.0,1.5,0.01,0.0,0.0,0.0,0.0
001781,0.0,1.29,0.0,1.12,0.0,0.0,7.13,15.63,0.0,0.0,0.0,0.0,0.0,40.68000000000001,0.0,8.72,0.0,1.4,5.17,5.67,2.47,0.0,0.0,0.0,0.0,0.0,3.49,1.74,0.0
001790,0.0,14.709999999999999,0.0,11.950000000000001,0.0,0.0,25.090000000000007,5.970000000000001,0.0,22.979999999999997,5.07,0.0,0.01,0.0,0.0,0.0,0.0,0.0,7.46,0.0,0.0,0.0,0.0,0.0,0.0,0.0,0.03,0.0,0.0
001825,0.0,1.98,0.0,4.88,0.0,0.0,9.65,0.0,12.370000000000001,8.47,4.78,0.0,4.98,16.41,1.91,6.83,0.0,0.0,7.539999999999999,7.03,0.0,3.9299999999999997,0.0,0.0,0.0,0.0,0.0,0.0,0.0
001849,0.0,2.0300000000000002,0.0,0.0,3.72,1.67,5.48,0.0,0.0,5.0600000000000005,6.7299999999999995,6.420000000000001,0.93,8.75,0.0,10.589999999999998,3.3499999999999996,0.0,8.34,2.55,3.3600000000000003,0.0,1.76,3.5,6.83,8.14,4.050000000000001,0.0,0.0
001877,0.0,33.46,0.0,4.34,3.86,4.45,7.5,16.67,0.0,0.0,0.0,0.0,0.0,0.03,0.0,3.88,0.0,0.0,14.459999999999999,0.03,0.0,4.91,0.0,0.0,0.0,0.0,0.0,0.0,0.0
001878,0.0,0.18,0.0,0.0,0.0,0.0,0.05,0.6900000000000001,0.02,0.0,2.55,0.0,2.36,19.540000000000003,0.05,0.01,0.71,0.0,15.319999999999999,0.04,0.0,2.71,0.0,0.0,0.0,0.0,0.0,0.0,49.220000000000006
001915,0.0,0.0,0.0,0.0,0.0,0.0,0.0,0.01,0.0,0.0,0.03,0.0,0.06,0.0,0.0,93.3,0.0,0.01,0.0,0.32,0.0,0.07,0.0,0.0,0.0,0.0,0.0,0.0,0.59
001917,0.0,11.389999999999999,2.56,1.73,6.24,3.76,4.7,13.4,0.03,9.11,7.039999999999999,3.3300000000000005,1.62,1.95,0.24000000000000002,11.339999999999998,0.43,0.01,8.589999999999998,3.01,0.0,0.32999999999999996,0.67,0.01,1.3599999999999999,0.57,0.94,0.01,0.0
001938,0.0,10.13,0.0,9.91,0.0,0.0,12.420000000000002,2.22,0.0,4.59,0.57,0.0,4.8,2.7300000000000004,0.0,3.1999999999999997,0.0,0.0,15.569999999999999,6.98,2.4400000000000004,1.05,0.0,5.39,0.07,0.94,8.379999999999999,0.0,0.0
001956,0.0,0.0,0.0,0.0,0.0,0.0,17.239999999999995,3.71,0.0,0.0,0.0,0.0,0.0,0.0,0.0,0.19,0.0,0.0,35.17000000000001,25.419999999999998,10.21,1.03,0.0,0.0,0.0,0.0,0.0,0.0,0.0
001974,3.23,3.0,2.56,2.01,0.5,2.92,5.669999999999999,4.07,2.25,3.6900000000000004,0.74,0.16999999999999998,0.11,14.82,0.04,9.129999999999999,0.0,1.55,6.389999999999999,0.5700000000000001,2.21,0.47000000000000003,4.49,2.29,1.9000000000000001,9.730000000000002,8.21,0.0,0.0
001975,0.0,15.29,0.0,2.9099999999999997,0.0,0.38,1.75,7.15,4.53,9.04,0.0,1.41,0.02,2.71,2.35,3.55,0.0,0.66,24.789999999999996,4.27,0.0,0.0,0.0,5.03,0.0,0.0,3.23,0.0,0.0
002121,0.15,0.51,0.0,0.0,0.35,0.0,0.0,0.0,0.0,0.0,0.0,0.0,0.6799999999999999,0.0,0.0,0.02,0.0,0.0,0.01,0.0,0.0,0.0,0.0,0.0,0.0,0.0,0.0,0.0,86.46999999999998
002168,0.0,21.630000000000003,0.0,12.979999999999999,0.0,0.0,17.41,1.34,6.12,9.65,0.0,0.0,0.02,0.0,0.03,0.05,0.0,0.0,9.1,11.600000000000001,0.0,0.0,0.0,0.0,0.0,0.0,0.0,0.0,0.0
002210,1.2300000000000002,7.069999999999999,1.09,3.8899999999999992,1.9100000000000001,1.53,5.609999999999999,6.209999999999999,2.2999999999999994,2.84,1.59,2.9999999999999996,2.38,3.369999999999999,0.7400000000000001,10.889999999999999,0.51,0.97,8.959999999999999,8.33,3.81,3.0100000000000002,2.7699999999999996,0.8700000000000001,1.1400000000000001,0.87,2.57,0.05,0.0
002229,0.0,3.9699999999999998,0.0,1.33,0.0,0.0,6.68,0.02,10.88,4.99,11.23,0.0,0.05,0.21,0.0,0.02,1.0,0.0,12.37,13.46,10.17,6.38,0.0,1.65,0.0,2.03,2.37,0.0,0.0
002289,0.0,3.9499999999999984,0.02,4.469999999999999,0.06999999999999999,0.02,21.360000000000003,2.8999999999999995,15.940000000000001,2.829999999999999,0.04,0.15000000000000002,0.0,0.09,0.04,1.98,0.01,0.01,14.049999999999999,3.7199999999999998,0.05,0.01,0.060000000000000005,0.02,4.72,0.0,18.939999999999998,0.0,0.0
002300,0.0,0.07,0.01,0.0,0.0,0.0,0.24000000000000002,0.18000000000000005,0.01,0.04,0.02,0.0,0.16999999999999998,0.04,0.01,93.97999999999999,0.0,0.0,0.04,0.11,0.0,0.0,0.01,0.0,0.01,0.0,0.0,0.01,0.0
002332,0.0,1.43,0.0,0.0,0.0,0.0,1.51,0.01,1.57,0.0,0.0,0.0,0.0,0.0,0.01,0.15,0.0,0.0,23.86,3.32,0.29,0.0,0.0,0.0,0.0,0.0,0.12,0.0,62.16
002333,0.0,1.43,0.0,0.0,0.0,0.0,1.51,0.01,1.57,0.0,0.0,0.0,0.0,0.0,0.01,0.15,0.0,0.0,23.86,3.32,0.29,0.0,0.0,0.0,0.0,0.0,0.12,0.0,62.16
002334,4.33,2.0,0.0,0.42,0.9199999999999999,1.39,0.95,3.35,2.74,0.08,2.42,1.62,0.85,5.29,0.0,15.190000000000001,4.15,0.0,2.3200000000000003,0.0,1.6100000000000003,1.43,10.11,4.07,4.24,25.290000000000003,0.0,0.0,0.0
002335,4.33,2.0,0.0,0.42,0.9199999999999999,1.39,0.95,3.35,2.74,0.08,2.42,1.62,0.85,5.29,0.0,15.190000000000001,4.15,0.0,2.3200000000000003,0.0,1.6100000000000003,1.43,10.11,4.07,4.24,25.290000000000003,0.0,0.0,0.0
002387,0.0,0.67,0.45,0.46,0.0,0.0,1.1800000000000002,0.43999999999999995,0.01,0.0,0.02,0.0,0.04,2.25,0.0,2.24,0.34,0.0,5.2,0.01,0.0,0.9,0.0,1.14,0.0,0.0,0.0,0.0,77.63
002556,0.0,19.03,7.59,4.17,0.0,0.0,13.68,0.06999999999999999,4.51,2.35,0.0,1.77,0.03,3.17,0.0,7.269999999999999,0.0,0.0,15.349999999999998,3.48,0.98,0.01,2.48,0.0,2.36,0.0,0.0,0.0,0.0
002595,2.73,6.18,3.67,0.7100000000000001,0.0,0.0,23.450000000000003,0.0,11.649999999999999,0.0,0.0,4.7,0.0,4.56,0.0,2.9699999999999998,0.0,0.0,21.72,0.0,3.43,0.01,0.0,0.0,0.0,0.0,4.640000000000001,2.56,0.0
002621,0.0,0.0,0.0,0.0,0.0,0.0,0.01,0.0,0.0,2.08,14.61,14.61,5.22,14.2,10.82,0.0,12.26,5.99,0.51,0.0,11.770000000000001,0.01,0.0,0.0,0.0,0.0,0.0,0.0,0.0
002697,0.0,0.0,0.0,0.0,0.0,0.0,0.01,0.0,0.0,2.08,14.61,14.61,5.22,14.2,10.82,0.0,12.26,5.99,0.51,0.0,11.770000000000001,0.01,0.0,0.0,0.0,0.0,0.0,0.0,0.0
002861,0.0,0.060000000000000005,4.05,0.0,0.0,0.0,18.71,14.749999999999998,5.43,4.5,3.8000000000000003,3.67,0.04,0.16,0.0,10.91,0.0,0.0,16.910000000000004,8.26,3.11,0.01,0.0,0.0,0.0,0.0,0.0,0.0,0.0
002871,1.12,9.57,1.94,3.9399999999999995,2.0999999999999996,2.37,4.62,6.88,3.2299999999999995,4.17,1.42,4.569999999999999,2.45,3.45,1.24,10.31,0.16999999999999998,0.91,5.609999999999999,4.720000000000001,2.9199999999999995,1.78,3.45,2.03,3.07,1.25,3.87,0.06,0.0
002872,1.12,9.57,1.94,3.9399999999999995,2.0999999999999996,2.37,4.62,6.88,3.2299999999999995,4.17,1.42,4.569999999999999,2.45,3.45,1.24,10.31,0.16999999999999998,0.91,5.609999999999999,4.720000000000001,2.9199999999999995,1.78,3.45,2.03,3.07,1.25,3.87,0.06,0.0
002952,1.11,2.21,0.0,0.6599999999999999,1.38,2.2,2.73,3.2600000000000002,0.0,0.96,1.24,0.02,0.0,15.739999999999998,0.01,7.340000000000001,0.0,4.09,3.99,0.8200000000000001,0.0,0.01,0.0,1.21,0.01,17.56,19.959999999999997,0.0,0.0
002980,0.0,2.34,0.0,0.0,0.0,0.0,17.09,4.25,1.77,0.65,2.12,0.0,0.04,0.0,0.0,23.58,0.0,0.71,9.62,21.4,2.12,2.13,0.0,0.0,0.0,0.0,0.0,1.09,0.0
003053,0.0,2.82,0.0,0.0,0.0,0.0,6.71,1.04,0.01,0.02,0.0,0.0,0.0,0.09999999999999999,0.0,3.94,0.0,5.36,32.15,24.660000000000004,11.29,4.550000000000001,0.060000000000000005,0.01,0.0,0.0,0.0,0.0,0.0
003054,0.0,2.82,0.0,0.0,0.0,0.0,6.71,1.04,0.01,0.02,0.0,0.0,0.0,0.09999999999999999,0.0,3.94,0.0,5.36,32.15,24.660000000000004,11.29,4.550000000000001,0.060000000000000005,0.01,0.0,0.0,0.0,0.0,0.0
003069,0.0,2.9299999999999997,0.01,1.56,0.0,0.41,11.57,8.78,2.11,3.5399999999999996,0.01,1.39,0.01,0.03,0.0,24.399999999999995,0.0,0.01,13.859999999999998,12.649999999999999,0.87,4.33,0.02,0.0,0.0,0.0,4.41,0.0,0.0
003145,0.0,5.18,0.0,6.07,2.35,3.48,11.040000000000001,2.9099999999999997,10.579999999999998,3.75,2.99,0.0,0.0,7.85,0.12,14.479999999999999,0.0,2.8,14.010000000000002,0.03,0.0,0.01,0.75,0.0,0.0,2.86,2.37,0.01,0.0
003190,0.0,0.01,0.0,0.0,0.0,0.0,1.72,0.0,0.0,0.0,8.82,0.0,5.96,59.6,0.0,4.37,0.0,9.71,0.44,0.02,2.3200000000000003,0.01,0.0,0.0,0.0,0.0,1.63,0.0,0.0
003191,0.0,0.01,0.0,0.0,0.0,0.0,1.72,0.0,0.0,0.0,8.82,0.0,5.96,59.6,0.0,4.37,0.0,9.71,0.44,0.02,2.3200000000000003,0.01,0.0,0.0,0.0,0.0,1.63,0.0,0.0
003230,0.0,0.08,0.0,0.0,0.0,0.0,0.0,0.05,0.0,0.0,0.0,0.0,0.07,0.0,0.0,94.38,0.0,0.0,0.0,0.01,0.0,0.05,0.0,0.0,0.0,0.0,0.0,0.0,0.0
003231,0.0,0.08,0.0,0.0,0.0,0.0,0.0,0.05,0.0,0.0,0.0,0.0,0.07,0.0,0.0,94.38,0.0,0.0,0.0,0.01,0.0,0.05,0.0,0.0,0.0,0.0,0.0,0.0,0.0
003232,0.0,0.0,0.0,0.0,0.0,0.0,0.0,2.31,0.0,0.0,0.0,0.0,0.0,0.0,0.0,0.0,0.0,0.0,0.0,0.0,0.0,0.0,0.0,0.0,1.75,42.410000000000004,47.58,0.0,0.0
003233,0.0,0.0,0.0,0.0,0.0,0.0,0.0,2.31,0.0,0.0,0.0,0.0,0.0,0.0,0.0,0.0,0.0,0.0,0.0,0.0,0.0,0.0,0.0,0.0,1.75,42.410000000000004,47.58,0.0,0.0
003298,0.0,0.01,0.0,3.92,0.0,0.0,3.51,0.05,0.0,21.71,0.0,0.0,2.06,0.01,0.0,0.08,2.17,0.0,0.12,0.63,0.0,0.04,0.0,54.66,0.0,2.0,0.0,0.0,0.0
003299,0.0,0.01,0.0,3.92,0.0,0.0,3.51,0.05,0.0,21.71,0.0,0.0,2.06,0.01,0.0,0.08,2.17,0.0,0.12,0.63,0.0,0.04,0.0,54.66,0.0,2.0,0.0,0.0,0.0
003416,0.0,10.319999999999999,0.0,8.06,1.53,0.0,14.77,4.71,0.060000000000000005,0.01,0.02,0.0,2.51,18.0,0.01,29.679999999999996,0.0,0.0,0.14,0.03,0.0,0.03,0.01,0.0,0.0,0.0,0.0,0.0,0.0
003624,10.7,6.1499999999999995,0.0,48.23,0.98,0.0,17.440000000000005,9.109999999999998,0.0,0.01,0.0,0.57,0.0,0.0,0.0,0.04,0.0,0.0,0.53,0.01,0.0,0.0,0.01,0.0,0.0,0.0,0.0,0.0,0.0
003625,10.7,6.1499999999999995,0.0,48.23,0.98,0.0,17.440000000000005,9.109999999999998,0.0,0.01,0.0,0.57,0.0,0.0,0.0,0.04,0.0,0.0,0.53,0.01,0.0,0.0,0.01,0.0,0.0,0.0,0.0,0.0,0.0
003634,0.0,0.02,0.0,0.0,0.0,0.0,0.0,0.04,0.01,0.0,1.06,0.51,51.52999999999999,37.330000000000005,0.0,0.03,0.0,0.0,0.05,0.01,0.0,0.0,0.0,0.0,0.0,0.0,0.0,0.0,0.0
003745,0.0,2.9,0.0,0.0,0.0,0.0,30.64,2.31,0.0,0.23,0.0,2.43,0.0,0.0,0.0,13.249999999999998,0.0,0.0,32.629999999999995,9.430000000000001,0.0,0.26,0.0,0.0,0.0,0.0,0.73,0.0,0.0
003834,0.0,18.46,4.5,21.82,0.0,0.0,14.84,4.07,3.86,10.47,6.79,4.4,0.02,0.0,0.02,0.0,0.0,0.0,0.81,0.0,0.15,0.01,2.08,0.0,0.0,0.0,0.0,0.29,0.0
003853,0.0,22.19,0.0,11.209999999999999,0.0,0.0,13.239999999999998,3.4099999999999993,3.84,8.159999999999998,1.43,0.42,0.03,0.0,0.0,0.05,0.0,0.0,13.9,5.079999999999999,0.99,1.93,0.06999999999999999,0.0,0.0,0.0,0.0,0.0,0.0
003865,1.2300000000000002,7.069999999999999,1.09,3.8899999999999992,1.9100000000000001,1.53,5.609999999999999,6.209999999999999,2.2999999999999994,2.84,1.59,2.9999999999999996,2.38,3.369999999999999,0.7400000000000001,10.889999999999999,0.51,0.97,8.959999999999999,8.33,3.81,3.0100000000000002,2.7699999999999996,0.8700000000000001,1.1400000000000001,0.87,2.57,0.05,0.0
003956,0.0,5.07,3.69,1.0,0.0,0.0,25.8,4.419999999999999,0.02,5.98,1.41,4.38,0.05,0.0,2.12,5.55,0.0,0.0,22.29,6.57,5.66,0.0,0.0,0.0,0.49,0.0,0.0,0.0,0.0
003984,1.55,22.539999999999996,0.0,14.149999999999999,0.0,0.59,11.87,1.6500000000000001,13.090000000000002,7.130000000000001,1.49,0.0,0.02,0.0,0.0,0.02,0.0,0.0,4.48,3.63,1.02,0.75,0.0,0.0,1.53,0.0,0.0,0.0,0.0
003985,1.55,22.539999999999996,0.0,14.149999999999999,0.0,0.59,11.87,1.6500000000000001,13.090000000000002,7.130000000000001,1.49,0.0,0.02,0.0,0.0,0.02,0.0,0.0,4.48,3.63,1.02,0.75,0.0,0.0,1.53,0.0,0.0,0.0,0.0
004040,0.0,0.22000000000000003,0.01,0.0,0.0,0.0,0.02,0.04,0.08,0.03,0.01,0.03,0.05,0.02,0.09,92.93,0.0,0.01,0.02,0.09999999999999999,0.0,0.0,0.01,0.01,0.0,0.0,1.09,0.0,0.0
004041,0.0,0.22000000000000003,0.01,0.0,0.0,0.0,0.02,0.04,0.08,0.03,0.01,0.03,0.05,0.02,0.09,92.93,0.0,0.01,0.02,0.09999999999999999,0.0,0.0,0.01,0.01,0.0,0.0,1.09,0.0,0.0
004075,0.0,0.0,0.0,0.0,0.0,0.0,0.0,0.02,0.02,0.0,0.0,0.0,0.04,1.09,0.0,87.85000000000001,0.0,0.0,0.0,0.01,0.0,0.0,0.0,0.0,0.0,0.0,0.0,0.0,0.0
004098,0.0,0.0,0.0,0.0,0.0,0.0,0.0,0.0,0.0,0.0,0.0,0.0,0.0,0.0,0.0,0.0,0.0,0.0,0.0,0.0,0.0,0.0,0.0,0.0,0.0,0.0,0.0,0.0,88.07000000000001
004189,0.0,0.0,0.0,0.0,0.0,0.0,0.0,0.0,0.0,0.0,12.89,3.22,2.92,56.970000000000006,0.0,1.43,0.0,9.46,0.0,0.0,0.0,0.0,0.0,0.0,0.0,0.0,0.0,0.0,0.0
004241,0.0,10.13,0.0,9.91,0.0,0.0,12.420000000000002,2.22,0.0,4.59,0.57,0.0,4.8,2.7300000000000004,0.0,3.1999999999999997,0.0,0.0,15.569999999999999,6.98,2.4400000000000004,1.05,0.0,5.39,0.07,0.94,8.379999999999999,0.0,0.0
004292,0.0,8.66,0.0,0.62,0.0,0.0,7.809999999999999,0.01,0.0,0.0,0.45,0.0,0.04,1.3699999999999999,0.0,1.5200000000000002,0.0,0.0,5.52,14.76,4.29,2.4,0.02,0.0,0.0,0.0,11.0,0.0,35.650000000000006
004350,0.0,16.810000000000002,0.0,4.29,0.0,4.27,4.14,4.57,17.229999999999997,0.0,0.0,0.0,0.0,0.03,0.0,0.02,0.0,0.0,0.02,0.02,0.0,0.04,0.0,9.11,0.0,5.84,27.709999999999997,0.0,0.0
004352,0.0,5.52,1.1,15.520000000000001,0.0,0.0,8.58,8.0,7.57,4.31,0.0,1.13,0.55,7.569999999999999,0.0,5.819999999999999,0.0,1.08,10.909999999999998,2.6799999999999997,0.5,0.01,0.0,0.93,0.0,4.54,4.43,0.0,0.0
004403,0.0,0.09,3.9,0.0,0.0,0.0,0.12000000000000001,0.15000000000000002,0.01,0.03,9.89,4.08,0.0,6.049999999999999,0.02,23.05,0.0,0.0,6.03,0.07,0.0,0.0,0.03,0.01,3.37,23.420000000000005,14.48,0.01,0.0
004404,0.0,0.09,3.9,0.0,0.0,0.0,0.12000000000000001,0.15000000000000002,0.01,0.03,9.89,4.08,0.0,6.049999999999999,0.02,23.05,0.0,0.0,6.03,0.07,0.0,0.0,0.03,0.01,3.37,23.420000000000005,14.48,0.01,0.0
004450,0.0,7.37,0.0,0.0,0.0,0.0,3.4199999999999995,0.01,0.0,1.23,0.0,0.0,0.38,0.0,0.0,5.119999999999999,0.0,0.0,8.81,22.46,0.0,5.4,0.0,0.0,0.0,0.0,0.0,1.6,35.129999999999995
004476,0.0,0.76,0.0,0.0,0.0,0.0,2.57,2.73,0.81,0.18,0.0,0.0,0.03,0.0,0.0,15.379999999999999,0.4,0.0,11.149999999999999,3.76,1.37,1.24,0.0,0.0,0.0,0.0,0.51,0.0,42.6
004484,1.01,4.06,0.09,2.2199999999999998,1.4,1.25,4.06,2.06,0.0,2.31,2.2199999999999998,1.96,1.19,13.17,0.1,8.409999999999998,0.0,2.33,8.26,2.79,2.25,1.08,1.88,1.98,2.7399999999999998,12.0,13.2,0.0,0.0
004485,1.01,4.06,0.09,2.2199999999999998,1.4,1.25,4.06,2.06,0.0,2.31,2.2199999999999998,1.96,1.19,13.17,0.1,8.409999999999998,0.0,2.33,8.26,2.79,2.25,1.08,1.88,1.98,2.7399999999999998,12.0,13.2,0.0,0.0
004606,1.94,1.0,0.22999999999999998,2.55,1.15,1.78,4.33,2.33,1.52,3.12,4.92,0.0,1.6,13.16,0.23,8.700000000000001,0.0,0.72,7.720000000000001,1.19,2.96,0.29000000000000004,1.58,2.12,3.37,9.990000000000002,14.94,0.0,0.0
004616,0.0,0.060000000000000005,0.0,0.01,0.0,0.0,0.0,0.06999999999999999,1.29,1.8900000000000001,0.0,0.0,0.05,0.01,0.0,0.13,0.0,0.0,39.32,39.74000000000001,1.74,1.74,0.02,0.0,0.0,0.0,0.0,0.0,7.99
004640,0.0,7.489999999999999,2.27,6.71,0.0,0.0,16.18,6.2299999999999995,8.54,3.4,6.74,0.0,0.03,8.69,0.0,0.060000000000000005,0.0,0.0,20.279999999999998,0.02,0.0,3.47,3.46,0.0,0.0,0.0,0.41,0.0,0.0
004683,0.0,0.05,0.0,0.0,0.0,0.0,0.24000000000000002,0.17,0.15,0.0,0.01,0.0,0.06999999999999999,0.0,0.01,89.87,0.0,0.0,0.0,0.06999999999999999,0.0,0.0,0.05,0.01,0.0,0.0,0.55,0.0,0.0
004686,0.0,3.39,0.0,2.9999999999999996,1.52,0.0,4.63,5.629999999999999,2.1,2.3,2.19,2.99,0.43999999999999995,10.78,0.0,10.77,0.0,0.0,7.629999999999999,3.3900000000000006,1.39,0.0,0.01,1.51,2.5500000000000003,9.379999999999999,14.520000000000001,0.0,0.0
004698,0.0,0.46,0.0,10.739999999999998,0.0,0.0,1.6900000000000002,0.01,55.39,0.0,0.01,0.0,0.03,0.0,0.0,0.01,0.0,0.0,18.17,0.0,0.0,1.6,0.0,0.0,0.0,0.0,0.04,0.0,0.0
004716,0.5800000000000001,2.6399999999999997,0.0,1.62,2.4099999999999997,0.25,3.79,1.4600000000000002,1.54,2.4399999999999995,4.930000000000001,0.74,1.05,13.33,0.07,8.719999999999997,0.09,1.42,7.940000000000001,2.27,1.29,0.4600000000000001,1.5999999999999999,2.2399999999999998,2.4999999999999996,11.04,12.450000000000001,0.0,0.0
004730,1.48,3.0799999999999996,0.47,2.38,0.18,1.62,4.359999999999999,3.8499999999999996,0.57,1.69,2.17,1.02,0.42,16.750000000000004,0.78,10.09,0.0,2.89,5.259999999999998,1.08,0.44,0.4,1.22,2.1100000000000003,1.95,12.02,11.530000000000001,0.0,0.0
004784,0.0,14.94,0.0,5.9,0.0,0.0,14.930000000000001,11.24,0.0,0.0,0.0,0.0,0.0,0.03,0.0,22.109999999999996,0.0,0.0,15.78,0.0,8.16,0.01,0.0,0.0,0.0,0.0,0.0,0.0,0.0
004805,0.0,0.0,0.0,0.0,0.0,0.0,0.0,0.0,0.0,1.12,8.77,5.6,6.890000000000001,32.66,0.0,13.65,0.0,5.36,0.0,5.99,1.49,0.0,0.0,4.97,0.0,1.64,4.24,0.0,0.0
004812,0.0,9.28,0.0,2.82,1.6,0.0,41.42999999999999,13.03,2.09,14.44,0.7,0.0,0.01,0.0,0.01,0.22000000000000003,0.0,0.0,0.2,1.58,0.0,0.0,0.0,0.0,0.0,0.0,0.0,0.0,0.0
004813,0.0,9.28,0.0,2.82,1.6,0.0,41.42999999999999,13.03,2.09,14.44,0.7,0.0,0.01,0.0,0.01,0.22000000000000003,0.0,0.0,0.2,1.58,0.0,0.0,0.0,0.0,0.0,0.0,0.0,0.0,0.0
004851,0.0,0.0,0.0,0.0,0.0,0.0,0.0,0.0,0.0,0.0,0.0,0.0,0.0,0.0,0.0,94.11,0.0,0.0,0.01,0.0,0.0,0.0,0.0,0.0,0.0,0.0,0.0,0.0,0.0
004858,1.88,2.9799999999999995,0.0,2.7600000000000002,0.0,0.36,7.109999999999999,6.79,0.01,1.41,5.709999999999999,0.0,0.05,13.23,1.05,3.39,0.0,4.3999999999999995,5.81,1.61,3.21,3.16,0.01,2.2399999999999998,0.0,11.36,15.059999999999999,0.0,0.0
004892,2.8200000000000003,6.25,3.41,4.01,1.7999999999999998,1.77,5.1,4.8,2.2399999999999998,3.98,1.05,3.0199999999999996,3.6,2.31,0.0,11.940000000000001,0.31,1.54,5.16,5.41,2.1799999999999997,1.64,3.7199999999999998,4.26,1.9900000000000002,1.02,2.35,0.27,0.0
004925,0.0,16.599999999999998,0.0,9.469999999999999,0.0,0.0,28.97,6.76,6.4399999999999995,6.87,2.4099999999999997,0.0,0.0,0.01,0.0,0.0,0.0,0.0,13.799999999999999,0.02,0.0,0.02,0.0,0.0,0.0,0.0,0.0,0.0,0.0
004995,0.0,0.27,0.0,0.0,0.0,0.0,0.06999999999999999,4.499999999999999,0.01,1.17,8.68,4.27,0.0,58.99000000000001,1.21,3.3000000000000003,0.0,4.75,0.05,0.0,1.29,0.0,0.0,0.0,0.0,3.2199999999999998,0.0,0.0,0.0
004997,5.970000000000001,25.14,0.0,2.15,0.0,5.319999999999999,12.16,5.3999999999999995,0.0,0.0,6.879999999999999,0.37,0.0,0.0,0.0,0.0,0.0,0.21,6.1000000000000005,0.0,0.0,1.57,3.32,0.0,1.64,11.58,4.97,0.0,0.0
005009,0.0,3.09,0.0,2.38,0.0,0.0,48.71000000000001,0.02,0.0,2.99,3.37,0.0,2.62,0.03,0.0,7.779999999999999,0.0,6.17,10.91,0.03,0.0,0.01,0.0,0.0,0.0,0.97,4.82,0.0,0.0
005035,0.0,0.47,0.0,0.12,0.0,0.0,0.55,0.8400000000000001,0.76,0.37,0.22,0.01,0.04,0.17000000000000004,0.0,0.13999999999999999,0.0,0.14,33.61,18.56,2.46,10.73,0.0,0.0,1.27,3.6700000000000004,8.91,0.0,0.0
005036,0.0,0.47,0.0,0.12,0.0,0.0,0.55,0.8400000000000001,0.76,0.37,0.22,0.01,0.04,0.17000000000000004,0.0,0.13999999999999999,0.0,0.14,33.61,18.56,2.46,10.73,0.0,0.0,1.27,3.6700000000000004,8.91,0.0,0.0
005037,0.52,10.71,0.28,8.93,2.1199999999999997,0.0,43.41,6.7700000000000005,0.29,5.0200000000000005,1.62,2.13,0.0,0.0,0.0,0.0,0.0,0.0,2.64,0.0,0.0,0.0,2.34,0.0,0.0,0.0,0.0,0.0,0.0
005038,0.52,10.71,0.28,8.93,2.1199999999999997,0.0,43.41,6.7700000000000005,0.29,5.0200000000000005,1.62,2.13,0.0,0.0,0.0,0.0,0.0,0.0,2.64,0.0,0.0,0.0,2.34,0.0,0.0,0.0,0.0,0.0,0.0
005106,0.0,1.99,0.0,1.35,1.07,1.8599999999999999,0.88,2.8899999999999997,0.04,0.0,0.0,0.0,36.559999999999995,31.709999999999997,0.0,0.04,0.0,0.0,0.19,0.59,1.01,0.0,0.01,1.06,0.0,0.0,1.04,0.0,0.0
005161,4.26,19.86,0.96,20.500000000000004,0.0,0.0,7.33,0.0,12.399999999999999,0.0,0.0,0.0,20.69,0.0,0.0,0.0,0.0,0.0,0.0,0.0,0.0,0.0,0.0,0.0,0.0,1.55,0.0,0.0,0.0
005188,0.0,14.069999999999999,1.6600000000000001,3.12,3.8999999999999995,1.49,8.520000000000001,7.089999999999999,2.95,1.47,1.09,1.7700000000000002,2.0300000000000002,5.239999999999999,0.24000000000000002,14.819999999999999,0.0,0.01,8.17,6.1899999999999995,1.35,0.65,1.21,0.0,1.2000000000000002,1.82,2.2,0.11,0.0
005189,0.0,14.069999999999999,1.6600000000000001,3.12,3.8999999999999995,1.49,8.520000000000001,7.089999999999999,2.95,1.47,1.09,1.7700000000000002,2.0300000000000002,5.239999999999999,0.24000000000000002,14.819999999999999,0.0,0.01,8.17,6.1899999999999995,1.35,0.65,1.21,0.0,1.2000000000000002,1.82,2.2,0.11,0.0
005209,0.0,7.109999999999999,0.0,0.0,0.0,0.0,6.300000000000001,6.7,3.87,8.71,1.93,0.0,0.0,0.0,0.0,5.65,0.0,0.0,13.36,13.030000000000001,6.26,0.01,0.0,0.0,0.0,7.95,0.0,0.0,12.19
005210,0.0,7.109999999999999,0.0,0.0,0.0,0.0,6.300000000000001,6.7,3.87,8.71,1.93,0.0,0.0,0.0,0.0,5.65,0.0,0.0,13.36,13.030000000000001,6.26,0.01,0.0,0.0,0.0,7.95,0.0,0.0,12.19
005235,0.0,0.01,0.0,0.0,0.0,0.0,0.0,0.0,0.09,0.060000000000000005,0.0,0.01,3.54,86.81,0.0,0.30000000000000004,0.0,0.0,0.07,0.01,0.0,0.0,0.0,0.0,0.0,0.0,0.0,0.0,0.0
005236,0.0,0.01,0.0,0.0,0.0,0.0,0.0,0.0,0.09,0.060000000000000005,0.0,0.01,3.54,86.81,0.0,0.30000000000000004,0.0,0.0,0.07,0.01,0.0,0.0,0.0,0.0,0.0,0.0,0.0,0.0,0.0
005237,0.0,0.27999999999999997,0.0,0.0,0.0,0.0,0.01,0.09000000000000001,0.0,0.12,0.48000000000000004,0.0,0.86,0.5800000000000001,0.15,90.37,0.0,0.15000000000000002,0.0,0.0,0.06,0.0,0.0,0.3,0.11,0.0,0.06,0.0,0.0
005238,0.0,0.27999999999999997,0.0,0.0,0.0,0.0,0.01,0.09000000000000001,0.0,0.12,0.48000000000000004,0.0,0.86,0.5800000000000001,0.15,90.37,0.0,0.15000000000000002,0.0,0.0,0.06,0.0,0.0,0.3,0.11,0.0,0.06,0.0,0.0
005259,0.0,4.219999999999999,0.01,4.37,0.0,0.0,9.459999999999999,0.03,0.0,4.4799999999999995,8.94,0.0,0.01,14.84,0.02,6.719999999999999,0.0,0.0,6.33,0.03,0.0,0.01,0.01,0.0,0.0,0.0,0.93,4.73,29.36
005267,0.0,10.23,0.0,0.0,0.0,3.52,0.0,6.26,0.0,0.0,0.0,4.87,0.01,3.9699999999999998,0.0,4.05,0.0,0.0,10.59,0.0,0.0,0.0,0.0,7.89,4.99,12.17,0.0,0.0,22.22
005268,0.0,0.0,0.0,0.0,0.0,0.0,12.5,4.01,0.0,3.99,1.03,3.59,2.13,19.950000000000003,0.0,26.53,0.0,5.24,9.08,1.98,2.76,2.09,0.0,0.0,0.0,0.0,0.09,0.0,0.0
005303,0.0,0.0,0.0,0.0,0.0,0.0,0.0,0.02,0.01,0.02,0.0,0.0,0.07,0.0,0.09999999999999999,80.51,0.0,0.0,0.01,0.0,0.0,0.0,0.0,0.0,0.0,0.0,0.0,0.0,8.52
005304,0.0,0.0,0.0,0.0,0.0,0.0,0.0,0.02,0.01,0.02,0.0,0.0,0.07,0.0,0.09999999999999999,80.51,0.0,0.0,0.01,0.0,0.0,0.0,0.0,0.0,0.0,0.0,0.0,0.0,8.52
005310,0.0,0.03,0.0,0.0,0.0,0.0,0.09,3.5700000000000003,10.120000000000001,0.01,0.01,0.0,0.01,0.03,0.060000000000000005,0.23000000000000004,0.0,0.0,34.489999999999995,23.42,8.17,5.71,0.0,0.01,0.0,0.0,3.06,0.0,0.0
005328,0.0,10.639999999999999,0.0,2.87,2.44,0.0,9.4,3.16,3.38,6.96,1.91,0.0,0.0,27.810000000000002,0.0,14.93,0.0,5.96,2.61,0.0,0.0,0.0,0.0,2.7,0.0,0.0,0.0,0.0,0.0
005402,1.0,43.82,0.0,21.83,8.15,0.0,14.870000000000001,0.0,0.0,0.01,0.0,0.0,0.0,2.35,0.0,0.0,0.0,0.0,2.1499999999999995,0.01,0.0,0.0,0.0,0.0,0.0,0.0,0.0,0.0,0.0
005457,0.6,9.19,2.29,7.379999999999998,2.0,0.63,6.1000000000000005,8.57,3.2800000000000002,3.8,1.56,5.12,3.9,3.7699999999999996,1.2100000000000002,6.880000000000001,0.0,0.0,5.589999999999999,4.609999999999999,5.56,2.7399999999999998,4.13,1.4000000000000001,0.8500000000000001,0.12,2.39,0.01,0.0
005495,0.0,1.82,0.0,3.06,0.0,0.0,7.159999999999999,0.06999999999999999,1.36,0.01,1.05,0.0,0.07,0.0,0.17,0.21,0.0,0.01,63.48,8.76,0.0,3.36,0.01,0.0,0.0,0.0,1.27,0.0,0.0
005496,0.0,1.82,0.0,3.06,0.0,0.0,7.159999999999999,0.06999999999999999,1.36,0.01,1.05,0.0,0.07,0.0,0.17,0.21,0.0,0.01,63.48,8.76,0.0,3.36,0.01,0.0,0.0,0.0,1.27,0.0,0.0
005502,0.8699999999999999,3.75,0.47,3.53,0.95,0.5900000000000001,5.76,1.87,3.24,3.5100000000000002,4.66,0.0,1.8800000000000001,12.5,0.0,7.18,0.0,1.32,6.119999999999999,1.78,0.8099999999999999,0.75,0.5700000000000001,2.12,1.8500000000000003,9.59,11.1,0.0,0.0
005505,0.0,0.02,0.0,0.0,0.0,0.0,0.01,0.0,0.0,0.0,0.0,0.0,0.0,0.02,0.0,81.28000000000002,0.0,0.0,0.03,0.03,0.0,0.01,0.0,0.0,0.0,0.0,0.0,0.0,0.0
005506,0.0,0.02,0.0,0.0,0.0,0.0,0.01,0.0,0.0,0.0,0.0,0.0,0.0,0.02,0.0,81.28000000000002,0.0,0.0,0.03,0.03,0.0,0.01,0.0,0.0,0.0,0.0,0.0,0.0,0.0
005515,0.45,10.21,0.5,4.67,1.5499999999999998,3.7,3.2199999999999998,7.59,2.72,2.37,1.23,4.38,2.0300000000000002,5.32,0.66,9.409999999999998,0.76,0.0,8.58,7.52,3.67,2.1300000000000003,2.98,2.6300000000000003,3.3000000000000003,0.11,0.29,0.14,0.0
005516,0.45,10.21,0.5,4.67,1.5499999999999998,3.7,3.2199999999999998,7.59,2.72,2.37,1.23,4.38,2.0300000000000002,5.32,0.66,9.409999999999998,0.76,0.0,8.58,7.52,3.67,2.1300000000000003,2.98,2.6300000000000003,3.3000000000000003,0.11,0.29,0.14,0.0
005569,1.8,12.6,4.04,2.1,2.3,1.44,7.79,4.14,4.54,8.16,3.18,0.59,0.0,7.989999999999999,1.67,6.819999999999999,0.0,2.38,2.15,0.03,1.82,0.01,1.38,5.24,7.91,2.6500000000000004,0.43,0.0,0.0
005570,1.8,12.6,4.04,2.1,2.3,1.44,7.79,4.14,4.54,8.16,3.18,0.59,0.0,7.989999999999999,1.67,6.819999999999999,0.0,2.38,2.15,0.03,1.82,0.01,1.38,5.24,7.91,2.6500000000000004,0.43,0.0,0.0
005612,0.0,0.0,0.0,2.5,0.0,0.0,0.04,0.0,0.0,0.0,6.92,0.19,0.03,19.76,0.0,2.76,0.0,1.69,5.85,0.39,1.51,0.0,0.0,4.38,0.0,5.1,0.0,0.0,42.49
005620,0.0,0.06,0.0,0.0,0.0,0.0,0.02,0.02,0.01,3.38,13.670000000000002,15.3,4.36,12.71,12.129999999999999,0.09,8.48,5.24,0.05,0.04,9.04,0.01,0.01,0.0,0.0,0.0,0.0,0.0,7.550000000000001
005621,0.0,0.06,0.0,0.0,0.0,0.0,0.02,0.02,0.01,3.38,13.670000000000002,15.3,4.36,12.71,12.129999999999999,0.09,8.48,5.24,0.05,0.04,9.04,0.01,0.01,0.0,0.0,0.0,0.0,0.0,7.550000000000001
005628,0.0,24.31,0.0,10.39,0.0,0.0,17.17,1.34,21.220000000000002,3.64,0.0,1.32,0.0,0.0,0.0,0.0,0.0,0.0,2.75,0.0,0.0,0.0,0.0,0.0,0.0,0.0,11.350000000000001,0.0,0.0
005629,0.0,24.31,0.0,10.39,0.0,0.0,17.17,1.34,21.220000000000002,3.64,0.0,1.32,0.0,0.0,0.0,0.0,0.0,0.0,2.75,0.0,0.0,0.0,0.0,0.0,0.0,0.0,11.350000000000001,0.0,0.0
005635,2.0299999999999994,4.279999999999999,1.04,2.52,1.5199999999999998,1.45,3.439999999999999,2.75,0.61,4.58,2.1499999999999995,1.29,2.75,9.389999999999999,0.15000000000000002,8.940000000000001,0.0,1.38,8.44,2.0999999999999996,2.34,1.02,2.4600000000000004,2.04,1.9700000000000002,9.33,11.09,0.01,0.0
005636,2.0299999999999994,4.279999999999999,1.04,2.52,1.5199999999999998,1.45,3.439999999999999,2.75,0.61,4.58,2.1499999999999995,1.29,2.75,9.389999999999999,0.15000000000000002,8.940000000000001,0.0,1.38,8.44,2.0999999999999996,2.34,1.02,2.4600000000000004,2.04,1.9700000000000002,9.33,11.09,0.01,0.0
005660,0.93,34.78999999999999,1.37,16.279999999999998,0.0,0.0,10.039999999999997,4.3999999999999995,16.11,2.1999999999999997,0.0,5.04,0.0,0.01,0.0,0.02,0.0,0.0,1.67,0.060000000000000005,0.0,0.02,0.0,0.0,0.0,0.0,0.0,0.0,0.95
005661,0.93,34.78999999999999,1.37,16.279999999999998,0.0,0.0,10.039999999999997,4.3999999999999995,16.11,2.1999999999999997,0.0,5.04,0.0,0.01,0.0,0.02,0.0,0.0,1.67,0.060000000000000005,0.0,0.02,0.0,0.0,0.0,0.0,0.0,0.0,0.95
005662,0.0,0.01,0.0,0.0,0.0,0.0,0.2,0.01,0.05,0.0,0.0,0.01,0.04,0.0,0.0,0.03,0.0,0.0,0.01,0.0,0.0,0.02,0.0,0.0,14.43,32.45,25.990000000000002,0.0,14.88
005663,0.0,0.01,0.0,0.0,0.0,0.0,0.2,0.01,0.05,0.0,0.0,0.01,0.04,0.0,0.0,0.03,0.0,0.0,0.01,0.0,0.0,0.02,0.0,0.0,14.43,32.45,25.990000000000002,0.0,14.88
005669,0.0,24.5,7.38,0.0,0.0,0.0,44.47,0.0,0.0,8.0,0.0,0.36,0.0,0.0,0.0,0.0,0.0,0.0,7.09,0.0,0.0,0.0,0.5,2.13,0.0,0.0,0.0,0.0,0.0
005707,0.0,0.0,0.0,0.0,0.0,0.0,0.0,0.0,0.0,0.0,0.0,0.0,0.0,0.0,0.0,0.0,0.0,0.0,0.0,0.0,0.0,0.0,0.0,0.0,0.0,0.0,0.0,0.0,91.58999999999999
005763,0.0,0.060000000000000005,0.0,0.01,0.0,0.0,0.0,0.06999999999999999,1.29,1.8900000000000001,0.0,0.0,0.05,0.01,0.0,0.13,0.0,0.0,39.32,39.74000000000001,1.74,1.74,0.02,0.0,0.0,0.0,0.0,0.0,7.99
005777,0.2,0.38,0.0,3.5,0.0,0.0,0.5,0.0,4.609999999999999,0.61,6.09,0.0,0.92,0.0,0.0,0.060000000000000005,0.0,0.0,33.5,2.9899999999999998,0.0,0.0,0.0,0.0,0.0,0.0,0.0,0.0,39.93
005802,0.0,0.36,0.0,2.59,0.99,0.0,2.99,0.060000000000000005,13.16,2.37,5.46,0.01,0.03,19.209999999999997,0.0,9.37,0.0,0.0,5.729999999999999,2.6899999999999995,0.0,0.02,0.01,0.0,1.83,5.109999999999999,2.96,0.01,6.6
005825,0.0,8.129999999999999,0.01,8.529999999999998,0.0,0.0,3.01,4.339999999999999,6.239999999999999,5.4399999999999995,4.63,0.01,7.1899999999999995,0.04,0.0,0.45999999999999996,0.0,3.2399999999999998,11.81,0.10999999999999999,19.85,0.05,0.08,0.0,0.0,0.0,5.9,0.01,0.0
005826,0.0,0.12,0.0,3.07,5.24,0.0,8.03,11.520000000000001,0.02,2.1199999999999997,3.35,0.0,3.85,17.18,0.02,8.39,0.0,3.65,3.5899999999999994,0.03,0.0,0.01,0.02,0.0,0.0,0.0,3.6799999999999997,0.0,20.15
005885,0.0,22.19,0.0,11.209999999999999,0.0,0.0,13.239999999999998,3.4099999999999993,3.84,8.159999999999998,1.43,0.42,0.03,0.0,0.0,0.05,0.0,0.0,13.9,5.079999999999999,0.99,1.93,0.06999999999999999,0.0,0.0,0.0,0.0,0.0,0.0
005894,0.0,9.440000000000001,0.0,2.31,0.0,0.0,16.380000000000003,5.409999999999999,0.01,0.03,2.44,1.49,0.67,33.14,0.01,4.02,0.0,1.24,0.75,0.09,0.0,0.0,0.0,0.0,0.0,0.0,0.0,0.01,14.93
005927,0.0,31.330000000000002,0.0,32.32,0.0,0.0,9.02,2.75,0.0,6.33,0.0,0.89,0.0,0.01,0.0,0.0,0.0,0.0,9.790000000000001,0.01,0.0,0.0,0.46,0.0,0.0,0.0,0.0,1.35,0.0
005928,0.0,31.330000000000002,0.0,32.32,0.0,0.0,9.02,2.75,0.0,6.33,0.0,0.89,0.0,0.01,0.0,0.0,0.0,0.0,9.790000000000001,0.01,0.0,0.0,0.46,0.0,0.0,0.0,0.0,1.35,0.0
005960,6.4399999999999995,3.869999999999999,3.83,4.53,1.25,6.050000000000001,3.22,1.3800000000000001,0.17,7.779999999999999,5.87,0.30000000000000004,0.8400000000000002,2.0,0.36,1.4900000000000002,0.16,0.15,1.7700000000000002,0.34,0.37,0.51,1.4600000000000002,2.01,6.23,11.21,14.01,0.02,1.7000000000000002
005961,6.4399999999999995,3.869999999999999,3.83,4.53,1.25,6.050000000000001,3.22,1.3800000000000001,0.17,7.779999999999999,5.87,0.30000000000000004,0.8400000000000002,2.0,0.36,1.4900000000000002,0.16,0.15,1.7700000000000002,0.34,0.37,0.51,1.4600000000000002,2.01,6.23,11.21,14.01,0.02,1.7000000000000002
005962,0.0,5.95,0.0,0.0,0.0,0.0,8.67,2.8200000000000003,0.0,6.87,0.0,0.0,0.02,0.0,0.0,0.01,0.0,0.0,27.03,17.75,6.17,0.8,0.0,0.0,0.0,0.0,0.0,0.0,16.27
005963,0.0,5.95,0.0,0.0,0.0,0.0,8.67,2.8200000000000003,0.0,6.87,0.0,0.0,0.02,0.0,0.0,0.01,0.0,0.0,27.03,17.75,6.17,0.8,0.0,0.0,0.0,0.0,0.0,0.0,16.27
005968,0.0,28.36,0.0,6.220000000000001,7.15,0.0,43.25999999999999,9.11,0.0,0.0,0.0,0.0,0.0,0.39,0.0,0.02,0.0,0.0,0.02,0.0,0.0,0.0,0.0,0.0,0.0,0.0,0.0,0.0,0.0
005969,0.0,28.36,0.0,6.220000000000001,7.15,0.0,43.25999999999999,9.11,0.0,0.0,0.0,0.0,0.0,0.39,0.0,0.02,0.0,0.0,0.02,0.0,0.0,0.0,0.0,0.0,0.0,0.0,0.0,0.0,0.0
005970,0.0,13.04,0.0,0.0,0.0,0.0,0.04,0.07,0.0,5.949999999999999,0.0,8.58,13.27,0.01,0.0,6.26,0.0,0.0,18.250000000000004,0.05,18.1,0.03,0.0,9.15,0.0,0.0,0.0,0.0,0.0
005983,0.0,0.0,0.0,0.0,7.25,8.54,0.04,0.44,0.0,0.0,7.39,31.89,0.0,2.71,0.0,0.0,0.0,0.0,15.45,0.04,6.83,0.01,0.0,0.0,4.95,0.99,1.66,0.0,0.0
006002,0.0,0.0,0.0,0.0,0.0,0.0,0.0,0.0,0.02,0.0,0.0,0.0,0.06,0.0,0.0,85.92000000000002,0.0,0.0,0.01,0.0,0.0,0.01,0.0,0.0,0.0,0.0,0.0,0.0,0.0
006003,0.0,0.0,0.0,0.0,0.0,0.0,0.0,0.0,0.02,0.0,0.0,0.0,0.06,0.0,0.0,85.92000000000002,0.0,0.0,0.01,0.0,0.0,0.01,0.0,0.0,0.0,0.0,0.0,0.0,0.0
006080,0.0,0.07,0.01,0.0,0.0,0.0,7.970000000000001,8.219999999999999,0.01,0.0,0.01,0.01,0.06,0.07,0.0,0.02,0.0,0.0,63.02,11.549999999999999,3.03,0.01,0.0,0.0,0.01,0.0,0.0,0.01,0.0
006081,0.0,0.07,0.01,0.0,0.0,0.0,7.970000000000001,8.219999999999999,0.01,0.0,0.01,0.01,0.06,0.07,0.0,0.02,0.0,0.0,63.02,11.549999999999999,3.03,0.01,0.0,0.0,0.01,0.0,0.0,0.01,0.0
006138,3.17,6.08,0.0,0.0,0.0,0.0,7.98,7.779999999999999,0.0,7.45,0.0,3.24,0.0,6.17,2.07,13.16,0.0,2.92,0.03,0.03,0.0,0.01,1.25,0.0,14.760000000000002,7.6,7.829999999999999,0.0,0.0
006193,0.0,0.0,0.0,0.22,2.47,0.0,0.85,0.0,0.0,0.0,6.74,0.0,2.26,15.56,0.0,12.930000000000001,0.0,3.07,2.44,2.0,0.0,0.0,0.0,1.65,2.68,2.1,8.100000000000001,0.0,30.78
006194,0.0,0.0,0.0,0.22,2.47,0.0,0.85,0.0,0.0,0.0,6.74,0.0,2.26,15.56,0.0,12.930000000000001,0.0,3.07,2.44,2.0,0.0,0.0,0.0,1.65,2.68,2.1,8.100000000000001,0.0,30.78
006195,1.5900000000000003,5.5,1.2400000000000002,2.42,1.07,1.7900000000000005,4.67,8.739999999999998,0.49,3.4600000000000004,0.8999999999999999,2.59,1.69,9.200000000000001,0.12000000000000001,11.200000000000001,0.37,1.4500000000000002,10.350000000000001,5.230000000000001,3.7699999999999996,1.1600000000000001,2.0100000000000002,1.6,0.9000000000000001,1.7600000000000002,3.41,0.09,0.0
006228,0.0,0.89,0.0,0.0,0.0,0.0,0.04,0.01,0.0,0.0,0.0,0.0,0.03,0.0,0.0,87.66000000000001,0.0,0.0,0.04,0.0,0.0,0.0,0.0,0.0,0.0,0.0,0.0,0.0,2.82
006229,0.0,0.89,0.0,0.0,0.0,0.0,0.04,0.01,0.0,0.0,0.0,0.0,0.03,0.0,0.0,87.66000000000001,0.0,0.0,0.04,0.0,0.0,0.0,0.0,0.0,0.0,0.0,0.0,0.0,2.82
006257,0.64,6.359999999999999,0.01,11.190000000000001,0.18,0.11,7.429999999999999,6.24,2.319999999999999,1.8,2.1999999999999997,0.42,0.04,0.7000000000000001,0.01,0.95,0.0,0.0,37.96999999999999,4.16,0.09999999999999999,1.61,0.26,1.5,0.08,0.18,0.06999999999999999,0.01,0.0
006265,0.0,13.199999999999998,0.0,8.030000000000001,8.01,0.0,31.169999999999998,0.8400000000000001,8.540000000000001,2.23,0.07,0.0,0.0,0.0,0.0,0.01,0.0,0.0,14.22,1.4000000000000001,4.13,2.6900000000000004,0.0,0.0,0.0,0.0,0.39,0.0,0.0
006346,0.49,4.889999999999999,2.61,3.71,5.5,1.4299999999999997,7.4399999999999995,6.829999999999999,5.53,4.16,0.53,2.74,1.0399999999999998,1.44,1.3599999999999999,6.6899999999999995,0.8899999999999999,0.36,6.410000000000001,4.24,4.279999999999999,5.289999999999999,4.22,1.6400000000000001,0.54,1.75,4.58,0.31,0.0
006347,0.49,4.889999999999999,2.61,3.71,5.5,1.4299999999999997,7.4399999999999995,6.829999999999999,5.53,4.16,0.53,2.74,1.0399999999999998,1.44,1.3599999999999999,6.6899999999999995,0.8899999999999999,0.36,6.410000000000001,4.24,4.279999999999999,5.289999999999999,4.22,1.6400000000000001,0.54,1.75,4.58,0.31,0.0
006478,0.0,8.48,0.01,0.93,0.67,0.0,21.940000000000005,1.85,0.01,0.03,0.02,0.0,0.39,54.78999999999999,0.01,0.06,0.0,0.94,2.709999999999999,0.13,0.0,0.0,0.0,0.0,0.01,0.0,0.0,0.01,0.0
006502,2.78,16.280000000000005,0.0,1.83,0.0,0.0,5.42,0.2,0.0,0.01,2.5799999999999996,0.0,0.0,0.02,0.01,22.690000000000005,0.0,0.0,19.400000000000002,0.060000000000000005,6.65,17.11,0.02,0.01,0.0,0.0,0.0,0.01,0.0
006503,2.78,16.280000000000005,0.0,1.83,0.0,0.0,5.42,0.2,0.0,0.01,2.5799999999999996,0.0,0.0,0.02,0.01,22.690000000000005,0.0,0.0,19.400000000000002,0.060000000000000005,6.65,17.11,0.02,0.01,0.0,0.0,0.0,0.01,0.0
006603,0.0,0.0,3.81,0.46,0.0,0.0,1.62,5.27,2.44,4.85,3.5700000000000003,1.68,3.47,18.27,3.62,11.610000000000001,0.0,0.0,6.25,1.49,0.0,2.99,1.38,0.0,0.91,4.55,7.63,0.0,6.1000000000000005
006605,0.0,0.13,0.0,0.0,0.0,0.0,2.88,0.1,0.96,4.21,6.8100000000000005,3.4,2.86,41.75999999999999,0.0,2.84,0.0,4.36,0.07,0.03,0.0,0.12,0.0,0.0,0.0,0.0,0.0,0.0,18.54
006675,0.0,0.0,0.0,0.0,0.0,0.0,0.0,0.02,0.0,0.0,0.02,13.48,9.47,18.14,0.0,0.02,0.0,0.0,0.0,0.05,5.16,0.01,0.0,0.0,4.11,0.0,0.0,0.0,43.980000000000004
006692,0.0,0.16999999999999998,0.01,0.02,6.15,0.0,8.02,0.24,0.0,3.2999999999999994,4.279999999999999,0.05,0.0,10.809999999999999,0.0,47.43000000000001,0.0,0.0,9.889999999999999,0.060000000000000005,0.0,0.01,0.01,1.64,0.0,0.0,0.0,0.02,0.0
006693,0.0,0.16999999999999998,0.01,0.02,6.15,0.0,8.02,0.24,0.0,3.2999999999999994,4.279999999999999,0.05,0.0,10.809999999999999,0.0,47.43000000000001,0.0,0.0,9.889999999999999,0.060000000000000005,0.0,0.01,0.01,1.64,0.0,0.0,0.0,0.02,0.0
006751,0.0,0.4,0.0,0.0,0.0,0.0,12.780000000000001,1.31,2.3600000000000003,0.0,0.0,0.0,0.0,0.0,0.0,0.0,0.0,0.0,28.529999999999994,20.12,5.800000000000001,8.56,0.0,0.0,0.0,0.0,0.0,0.0,12.160000000000002
006781,0.0,0.0,0.0,0.0,0.0,0.0,0.0,0.0,0.0,0.0,0.0,0.0,0.0,0.0,0.0,0.0,0.0,0.0,0.0,0.0,0.0,0.0,0.0,0.0,0.0,0.0,0.0,0.0,92.98
006803,0.0,0.02,2.85,3.8200000000000003,0.0,0.0,4.930000000000001,2.7399999999999998,2.43,0.76,3.45,4.63,1.53,7.4,3.0599999999999996,0.02,0.0,0.0,0.01,0.06999999999999999,0.0,0.02,2.24,2.7,0.0,17.029999999999998,20.38,2.27,0.0
006818,0.0,0.10999999999999999,0.0,0.0,3.98,16.15,0.02,0.13,0.11,3.87,2.1399999999999997,1.41,0.05,2.5299999999999994,2.8699999999999997,0.24000000000000002,2.52,0.0,3.2099999999999995,5.579999999999999,2.13,0.01,1.97,0.01,29.45,9.280000000000001,5.24,0.01,0.0
006819,0.0,0.10999999999999999,0.0,0.0,3.98,16.15,0.02,0.13,0.11,3.87,2.1399999999999997,1.41,0.05,2.5299999999999994,2.8699999999999997,0.24000000000000002,2.52,0.0,3.2099999999999995,5.579999999999999,2.13,0.01,1.97,0.01,29.45,9.280000000000001,5.24,0.01,0.0
006868,0.0,0.0,0.0,1.49,0.0,0.0,7.11,0.03,8.690000000000001,5.79,11.28,0.0,0.07,0.0,0.0,0.15000000000000002,0.0,0.0,10.129999999999999,8.059999999999999,10.239999999999998,6.67,0.01,2.03,0.0,0.0,0.0,0.0,20.56
006923,0.0,2.28,0.0,1.28,0.0,0.0,2.16,0.0,0.0,0.0,0.0,0.0,0.0,7.62,0.0,0.0,0.0,0.0,0.0,0.0,0.0,0.0,0.0,0.0,0.0,0.0,0.0,0.0,76.25
006924,0.0,2.28,0.0,1.28,0.0,0.0,2.16,0.0,0.0,0.0,0.0,0.0,0.0,7.62,0.0,0.0,0.0,0.0,0.0,0.0,0.0,0.0,0.0,0.0,0.0,0.0,0.0,0.0,76.25
006957,0.11,1.82,0.0,1.73,1.01,0.0,8.51,1.96,4.33,3.6000000000000005,1.77,0.0,1.54,17.86,0.0,11.360000000000001,0.0,2.54,9.51,0.7,2.19,0.63,0.0,1.73,0.0,4.33,6.05,0.0,0.0
007005,0.0,0.060000000000000005,0.0,0.0,0.0,0.0,0.02,0.18000000000000002,0.01,0.02,0.09,0.01,0.05,0.03,0.0,82.57000000000001,0.0,0.01,0.18000000000000002,0.07999999999999999,0.0,0.03,0.01,0.0,0.0,0.0,0.0,0.01,7.13
007133,1.67,3.4499999999999997,0.98,0.0,1.79,1.73,5.29,2.87,0.0,2.18,1.78,0.0,3.58,1.87,0.0,10.19,3.6,0.0,9.18,3.47,3.6399999999999997,3.4499999999999997,3.46,1.78,3.83,8.879999999999999,10.75,0.0,0.0
007137,0.0,7.83,0.0,10.77,0.0,0.0,8.58,0.0,5.38,2.67,1.15,0.0,2.27,9.57,0.0,8.900000000000002,0.0,2.61,8.95,0.63,3.4099999999999997,0.01,0.0,2.86,0.0,9.38,8.73,0.0,0.0
007287,0.0,0.0,0.0,0.0,0.0,0.0,0.0,2.9,0.0,0.0,19.75,22.03,0.5,16.970000000000002,0.0,0.45,0.0,0.0,4.67,0.03,0.0,0.01,0.0,0.0,0.0,0.0,0.0,0.0,15.88
007388,0.0,2.889999999999999,0.0,9.27,0.0,0.0,1.29,13.190000000000001,4.81,9.85,3.02,0.72,0.06,11.979999999999999,0.0,9.27,0.0,0.01,9.23,2.1499999999999995,0.0,0.09,2.8899999999999997,0.0,0.0,3.04,6.6,0.0,0.0
007470,1.9200000000000002,3.3999999999999995,0.0,1.3200000000000003,2.61,1.26,3.67,1.92,0.25,2.41,5.479999999999999,0.71,1.9,12.01,0.22,9.780000000000001,0.33,1.87,7.36,1.24,2.41,0.35,1.28,2.0,2.06,11.68,13.200000000000001,0.0,0.0
007512,0.0,0.67,0.45,0.46,0.0,0.0,1.1800000000000002,0.43999999999999995,0.01,0.0,0.02,0.0,0.04,2.25,0.0,2.24,0.34,0.0,5.2,0.01,0.0,0.9,0.0,1.14,0.0,0.0,0.0,0.0,77.63
007524,0.0,1.1700000000000002,0.0,0.0,0.27,0.0,1.5799999999999998,1.34,0.0,0.01,4.01,0.14,0.03,24.069999999999997,0.0,10.109999999999998,0.0,8.64,2.6299999999999994,1.1,6.18,0.0,0.0,0.0,0.0,0.0,1.69,0.0,29.55
007586,1.21,12.06,1.53,2.04,3.81,0.49,11.84,4.489999999999999,0.33,0.09,5.18,0.0,0.01,13.53,0.01,4.23,0.0,5.43,6.079999999999999,4.61,0.0,2.7,0.04,1.95,2.23,3.7,1.77,0.14,0.0
007614,2.1199999999999997,7.369999999999999,0.91,1.78,3.16,2.4,3.4099999999999997,4.41,3.2299999999999995,3.5,3.12,2.83,2.0300000000000002,4.37,1.4300000000000002,8.97,1.3,0.4,10.569999999999999,5.8199999999999985,5.09,2.53,2.09,1.76,3.21,1.16,1.42,0.31,0.0
007674,0.0,11.87,8.94,25.169999999999998,0.0,0.0,0.01,0.01,0.0,0.0,0.0,0.0,0.0,0.03,0.0,0.0,0.0,0.0,0.03,6.8500000000000005,0.0,0.01,0.0,0.0,0.0,0.0,40.42,0.0,0.0
007685,0.0,0.060000000000000005,0.0,0.49,0.0,0.0,1.6899999999999997,0.98,3.04,0.05,0.0,0.0,0.05,0.0,0.05,0.22,0.0,0.01,85.29,0.28,0.0,0.01,0.01,0.01,0.0,0.39,0.47,0.0,0.0
007831,2.1,10.400000000000002,1.51,2.4000000000000004,5.37,1.18,6.14,3.8499999999999996,2.27,3.3699999999999997,2.2199999999999998,4.07,3.15,3.8000000000000003,1.46,10.459999999999999,2.01,0.0,7.410000000000001,3.72,4.960000000000001,0.91,2.29,2.0700000000000003,1.6900000000000002,1.02,2.18,0.0,0.0
007853,0.0,0.02,0.0,0.0,0.0,0.0,3.19,0.06999999999999999,0.35,0.01,0.0,0.0,0.05,0.0,0.12,0.22,0.0,0.01,0.12,78.42,1.5299999999999998,0.38,0.01,0.01,0.0,0.31,7.8100000000000005,0.0,0.0
007950,0.0,11.389999999999999,2.56,1.73,6.24,3.76,4.7,13.4,0.03,9.11,7.039999999999999,3.3300000000000005,1.62,1.95,0.24000000000000002,11.339999999999998,0.43,0.01,8.589999999999998,3.01,0.0,0.32999999999999996,0.67,0.01,1.3599999999999999,0.57,0.94,0.01,0.0
007965,0.0,0.3400000000000001,0.01,0.0,0.0,0.0,18.53,1.7000000000000002,0.0,0.02,13.9,4.949999999999999,0.17,5.969999999999999,0.0,19.81,0.0,1.31,5.319999999999999,4.16,0.02,0.01,0.03,2.01,0.0,2.82,7.92,0.01,2.28
008009,0.0,5.109999999999999,0.0,3.6,0.0,0.0,16.710000000000004,20.09,14.41,3.1399999999999997,0.0,0.0,0.03,0.0,0.0,0.04,0.0,0.0,13.869999999999997,7.81,0.0,0.0,0.01,0.0,0.0,0.0,0.39,0.0,5.81
008076,0.0,1.81,0.0,0.0,1.21,1.39,9.019999999999998,2.9299999999999997,0.0,0.0,0.02,0.8,12.83,13.020000000000001,0.0,19.289999999999996,0.0,0.0,2.3999999999999995,0.01,0.0,0.05,0.0,0.0,0.0,0.0,0.0,0.0,29.07
008085,0.0,0.17000000000000004,6.65,6.09,0.0,0.0,2.96,1.8,21.590000000000003,0.0,0.0,0.0,0.05,0.35000000000000003,0.09,0.5800000000000001,0.0,0.01,17.66,36.36,0.0,0.01,0.02,0.0,0.0,0.0,0.0,0.0,0.0
008128,3.4000000000000004,8.61,0.0,9.259999999999998,2.2600000000000002,2.7800000000000002,0.060000000000000005,1.06,4.9,6.64,2.38,0.53,0.0,0.01,0.25,0.12,0.26,1.18,9.880000000000003,9.05,6.03,4.88,1.2,4.01,1.79,4.29,9.13,0.01,0.0
008134,0.0,0.0,0.0,0.0,0.0,0.0,0.0,5.47,8.15,0.0,9.329999999999998,0.91,0.0,11.350000000000001,6.42,11.48,0.0,0.0,0.0,3.07,4.94,0.0,0.0,0.0,3.7,12.870000000000001,17.69,0.0,0.0
008167,0.0,6.2299999999999995,0.0,0.01,0.0,0.0,0.18,3.3799999999999994,0.05,3.9800000000000004,17.099999999999998,2.72,1.3800000000000001,30.919999999999998,1.37,0.02,3.01,7.47,0.15000000000000002,0.07,2.14,0.01,0.0,1.69,0.0,0.0,0.18,0.0,11.079999999999998
008230,0.56,7.7,1.1900000000000002,1.4600000000000002,1.09,3.4499999999999997,4.439999999999999,8.26,1.51,4.5600000000000005,1.75,4.06,2.1699999999999995,4.449999999999999,4.4399999999999995,8.57,3.1199999999999997,0.0,3.2099999999999995,6.8,1.9500000000000004,6.709999999999999,1.96,4.25,2.2299999999999995,0.0,0.74,0.44,0.0
008261,0.0,12.87,0.0,5.66,1.15,0.0,15.559999999999999,3.95,0.05,0.0,0.0,0.0,2.61,11.41,0.0,32.97,0.0,0.01,1.99,0.0,0.0,0.0,0.0,0.0,0.0,0.0,0.0,0.0,1.64
008264,0.0,5.9,0.0,0.0,0.5,0.0,12.850000000000001,5.699999999999999,1.57,3.48,2.04,1.16,0.5,18.46,1.03,14.2,0.0,0.0,7.85,1.42,3.5300000000000002,0.43,0.0,0.0,0.0,1.99,0.0,0.34,10.88
008283,0.0,0.02,0.0,0.0,0.0,0.0,0.0,0.01,0.0,0.0,0.0,0.0,0.02,0.0,0.0,0.07,0.0,0.0,0.0,2.88,0.0,0.0,0.0,0.0,0.0,52.6,19.04,0.0,19.5
008294,0.0,2.14,0.0,0.94,0.0,0.0,14.600000000000001,6.09,8.23,2.22,0.0,0.0,8.76,0.0,0.0,1.39,0.0,0.0,0.77,2.05,0.0,0.0,0.0,8.7,0.0,0.94,0.0,0.0,33.39
008303,0.0,0.10999999999999999,0.03,0.0,0.0,0.0,0.04,0.03,0.09000000000000001,0.03,0.02,5.879999999999999,21.66,18.470000000000006,0.1,0.12,0.01,0.01,0.03,0.03,0.0,0.13,0.05,0.01,0.07,0.0,0.0,0.01,43.519999999999996
008314,0.0,0.27,0.0,1.79,1.88,0.0,8.06,1.45,0.75,1.77,2.79,2.07,0.02,9.98,0.0,10.999999999999998,0.0,7.73,8.38,0.6,0.45,0.0,0.0,2.87,0.0,3.54,3.24,0.0,16.660000000000004
008382,0.0,8.36,0.0,1.95,1.94,0.0,16.270000000000003,25.200000000000006,0.03,12.969999999999999,0.0,0.0,0.0,0.0,0.0,5.719999999999999,0.0,7.470000000000001,10.24,0.09,1.03,0.03,0.0,3.22,0.0,0.0,0.0,0.0,0.0
008413,0.0,2.9699999999999998,0.0,0.0,0.0,0.0,0.0,0.0,0.0,0.02,5.9,0.0,0.07,29.89,0.0,44.24,0.0,3.99,0.03,3.18,0.0,0.0,0.0,0.0,0.0,0.0,0.0,0.0,0.0
008537,0.0,7.029999999999999,0.0,4.5,0.42,0.0,5.569999999999999,7.62,4.28,0.8,3.44,0.0,0.0,13.34,0.0,14.870000000000001,0.0,1.23,8.55,5.36,0.0,0.0,0.0,2.4899999999999998,0.0,5.74,7.150000000000001,0.0,0.0
008618,0.0,9.459999999999997,0.01,0.0,0.0,0.0,0.34,0.03,0.01,0.03,0.01,0.01,0.06999999999999999,0.04,0.02,71.49999999999999,0.0,0.01,0.060000000000000005,2.1799999999999993,0.0,0.01,0.03,0.01,0.01,0.0,1.31,0.01,0.0
008709,0.0,1.29,0.0,0.0,0.0,0.0,0.82,3.44,0.0,1.47,1.49,1.48,0.0,4.98,0.0,7.03,0.0,2.12,7.25,0.01,0.0,0.0,0.0,2.91,0.0,0.5,0.0,0.65,24.07
008737,0.0,0.01,0.0,0.0,0.0,0.0,3.33,0.87,0.0,0.0,8.52,0.98,0.21000000000000002,13.68,0.0,14.27,0.0,4.22,8.179999999999998,6.16,0.0,0.0,0.0,3.58,0.0,11.66,12.73,0.0,4.140000000000001
008769,2.47,1.88,0.56,0.0,1.53,0.0,1.32,4.41,0.0,2.03,2.22,0.0,0.0,15.149999999999999,0.23,8.64,0.0,5.03,4.0600000000000005,1.6,0.06,0.03,0.64,0.04,1.15,19.02,20.42,0.0,0.0
008855,0.0,6.72,0.0,0.0,3.19,0.0,1.81,8.37,0.0,6.89,5.970000000000001,0.8599999999999999,3.4,13.829999999999998,0.0,9.959999999999999,0.09,2.5799999999999996,2.8,2.04,3.61,0.0,1.3399999999999999,0.0,0.39,0.11,0.0,0.0,16.270000000000003
008871,0.0,3.229999999999998,0.01,0.05,4.659999999999999,0.02,13.43,30.519999999999996,0.29000000000000004,0.17,9.0,0.15000000000000002,3.09,10.89,0.2,3.0499999999999994,0.0,0.01,12.55,0.21000000000000002,0.02,0.09000000000000001,0.2,0.11999999999999998,0.05,0.03,0.8,0.07,0.0
008934,0.0,3.11,0.0,1.7399999999999998,0.0,0.0,3.9,0.11,10.09,0.0,0.0,0.0,0.02,9.25,0.0,15.19,0.0,0.0,4.8,0.0,4.98,0.0,0.0,4.13,0.0,0.0,3.71,0.0,9.61
008958,0.0,0.01,0.0,0.0,0.0,0.0,7.16,0.0,0.02,5.86,0.0,0.0,6.15,33.07,0.09,14.379999999999999,0.0,4.12,0.0,4.709999999999999,0.0,3.43,0.0,0.0,0.0,0.0,0.0,0.0,15.329999999999998
009039,0.6,8.09,1.09,1.3,1.5,3.36,4.47,7.289999999999999,1.3800000000000001,4.449999999999999,1.88,4.23,2.2799999999999994,5.489999999999999,4.249999999999999,9.950000000000001,3.09,0.0,2.67,6.42,2.2399999999999998,6.7700000000000005,1.86,4.4,1.8399999999999999,0.0,0.9099999999999999,0.37,0.0
009043,0.96,7.4399999999999995,1.33,1.42,0.35999999999999993,3.960000000000001,5.14,5.85,1.6600000000000001,4.92,1.6900000000000002,4.930000000000001,3.33,6.15,3.68,10.549999999999999,2.57,0.0,2.9699999999999993,5.62,2.8500000000000005,7.089999999999999,1.81,4.300000000000001,1.25,0.0,0.33999999999999997,0.25,0.0
009070,4.43,0.6900000000000001,0.0,0.0,0.85,0.0,12.46,18.040000000000003,0.03,0.02,9.87,0.02,1.4200000000000002,11.549999999999999,0.01,13.829999999999998,0.0,0.0,5.84,0.05,0.0,0.0,0.0,0.0,3.0799999999999996,0.0,0.14,0.01,0.0
009107,0.59,2.42,0.54,2.99,1.25,1.44,3.98,2.13,1.5,3.14,4.85,0.25,1.58,10.8,0.0,8.249999999999998,0.39,0.0,6.38,1.18,2.75,1.42,1.24,2.76,2.6900000000000004,11.129999999999999,14.509999999999998,0.0,0.0
009127,1.39,0.08,2.6,0.0,0.0,0.0,0.32,0.01,0.01,0.02,0.0,0.0,5.57,3.689999999999999,0.0,2.84,0.0,0.0,3.78,3.24,0.0,0.07,3.61,24.650000000000002,4.5,3.23,0.0,0.0,34.220000000000006
009162,0.0,0.060000000000000005,0.0,0.0,0.0,0.0,0.04,0.11,0.0,0.0,0.0,0.0,0.0,1.74,0.0,89.88000000000002,0.0,0.0,0.28,0.0,0.0,0.0,0.01,0.0,0.0,0.0,0.36,0.0,1.3099999999999998
009240,0.0,3.36,0.0,0.0,0.0,0.0,0.0,6.45,0.0,0.0,4.21,0.0,0.04,34.62,0.0,13.189999999999998,0.0,2.75,0.0,10.51,0.0,0.0,0.0,0.0,0.0,4.68,0.16,0.0,13.08
009341,0.0,0.4,0.0,5.58,0.0,0.2,8.74,2.65,5.53,0.0,0.0,0.34,0.01,7.629999999999999,0.0,5.760000000000001,0.0,5.34,5.21,4.180000000000001,0.0,0.0,0.0,0.0,0.0,6.389999999999999,0.95,0.0,34.220000000000006
009398,0.0,10.709999999999999,0.0,16.15,0.0,0.0,7.089999999999999,0.02,0.01,2.38,0.0,0.0,2.15,0.02,0.01,13.449999999999998,0.0,0.0,22.48,14.35,0.0,0.0,0.0,0.0,0.0,0.0,3.2,0.0,0.0
009476,0.0,0.01,0.0,0.0,0.0,0.0,0.0,0.0,0.13,0.01,0.01,2.27,1.25,88.19999999999999,0.0,0.03,0.0,0.0,0.02,0.0,0.0,0.0,0.0,0.0,0.0,0.0,0.39,0.0,2.48
009492,0.0,5.6899999999999995,0.0,0.0,0.0,0.0,8.3,1.75,0.0,5.84,0.0,0.0,0.0,0.0,0.0,0.0,0.0,0.0,30.479999999999997,17.16,5.1,0.74,0.0,0.0,0.0,0.0,0.0,0.0,18.779999999999998
009514,0.94,7.360000000000001,0.14,0.36,2.36,0.0,11.959999999999999,6.27,0.0,0.0,0.11,0.4,1.99,1.75,0.33,22.770000000000003,0.0,1.09,8.569999999999999,7.2700000000000005,1.98,1.9799999999999998,3.58,0.0,0.0,1.27,4.9,1.04,0.0
009538,0.0,3.0099999999999993,0.0,0.0,0.0,0.0,7.3999999999999995,2.65,0.0,0.02,10.0,6.249999999999999,0.0,35.33,0.0,0.05,0.0,0.0,8.92,0.06999999999999999,0.0,7.74,0.01,0.0,0.0,0.0,0.86,0.0,0.0
009551,0.0,4.82,0.0,0.6100000000000001,1.74,0.0,2.91,2.56,1.22,0.9199999999999999,4.27,0.46,1.7200000000000002,11.680000000000001,0.0,10.36,0.0,2.85,6.1899999999999995,3.5300000000000002,1.35,0.0,1.21,3.1799999999999997,0.0,8.98,8.36,0.11,0.0
009601,0.0,9.77,0.0,6.07,1.57,0.0,14.809999999999999,4.68,0.0,0.0,0.0,0.0,0.0,15.61,0.0,28.57,0.0,0.0,0.0,0.0,0.0,0.0,0.0,0.0,0.0,0.0,0.0,0.0,0.0
009658,0.0,2.9399999999999995,4.0,2.55,0.62,4.52,0.53,9.059999999999999,0.0,3.79,0.04,0.0,0.0,3.09,1.17,13.2,5.109999999999999,0.0,2.9399999999999995,0.0,3.46,1.73,11.8,5.78,6.679999999999999,0.0,0.32,0.0,0.0
009734,0.0,0.0,0.0,0.0,0.0,0.0,0.0,0.0,0.0,0.0,5.58,0.0,2.9,12.56,0.0,0.0,0.0,0.0,1.77,0.0,0.0,0.0,0.0,0.0,0.0,0.0,0.0,0.0,64.9
009794,0.0,3.2699999999999996,0.0,1.48,1.09,0.0,7.42,2.09,2.95,4.93,10.879999999999999,4.63,0.04,25.959999999999997,0.0,0.04,0.0,0.0,3.6100000000000003,0.03,1.68,2.09,0.0,0.0,1.67,6.87,4.58,0.0,0.0
009874,1.37,6.94,1.48,1.38,0.0,2.94,4.68,3.1199999999999997,0.0,6.02,1.59,4.28,2.99,6.76,4.069999999999999,10.53,1.37,0.0,2.82,7.640000000000001,2.8099999999999996,8.830000000000002,1.58,6.92,0.0,0.0,2.8899999999999997,0.0,0.0
009876,0.0,0.0,0.0,0.0,0.0,0.0,0.16,0.06999999999999999,0.0,0.0,0.0,0.0,0.0,77.14,0.0,0.0,0.0,0.0,0.01,0.0,0.0,0.03,0.0,0.0,0.0,0.0,0.73,0.0,7.9399999999999995
009891,0.0,7.239999999999999,0.0,0.59,3.3099999999999996,0.0,5.259999999999999,7.74,0.01,12.35,1.32,0.0,0.78,3.2800000000000002,0.0,13.290000000000001,0.0,0.0,9.23,1.56,1.41,0.0,0.0,1.06,1.08,3.11,2.63,0.0,0.0
009897,0.0,0.38,0.0,0.0,0.0,0.0,0.0,0.0,0.0,0.0,1.61,0.0,0.16,4.89,0.0,0.0,0.0,0.0,1.49,0.0,0.0,0.0,0.0,0.0,0.0,0.0,0.0,0.0,53.239999999999995
009899,0.0,0.02,0.0,0.0,0.0,0.0,0.0,0.0,0.0,0.01,14.869999999999997,3.83,0.0,19.439999999999998,0.0,8.31,0.0,1.77,0.02,0.02,0.0,0.0,0.0,0.0,0.0,0.0,0.0,0.0,0.0
009988,0.0,4.89,0.0,0.0,3.86,0.0,0.23,5.0200000000000005,0.0,8.36,3.34,3.32,0.0,19.470000000000002,0.0,12.81,0.0,9.61,4.16,0.0,2.74,0.0,0.0,4.05,0.0,8.030000000000001,3.61,0.0,0.0
010004,0.0,8.65,0.0,4.58,0.0,0.0,0.02,4.83,0.0,2.6799999999999997,0.0,0.0,0.0,0.0,0.0,0.25,0.0,0.0,44.410000000000004,9.549999999999999,2.49,0.95,0.0,0.0,0.0,0.0,0.0,0.0,14.270000000000001
010013,0.0,2.7800000000000002,0.0,2.21,0.0,0.0,3.4099999999999997,0.65,0.03,0.02,1.2,0.0,0.01,1.66,0.0,0.01,0.0,0.0,15.909999999999998,8.97,3.31,1.6,0.0,0.0,0.0,0.0,2.1799999999999997,0.0,23.939999999999998
010128,0.0,6.8100000000000005,0.01,0.0,0.0,0.0,6.659999999999999,0.0,0.0,5.6499999999999995,0.0,0.0,0.0,0.0,0.02,0.02,0.0,0.0,34.34,12.36,4.98,2.24,0.0,0.0,0.02,0.0,0.0,0.0,19.9
010141,0.0,2.39,0.0,3.4499999999999997,0.0,0.0,12.42,2.32,8.11,3.13,0.0,0.0,8.44,0.0,0.0,3.07,0.0,0.0,0.51,1.6,0.0,0.0,0.0,8.07,0.0,1.0,0.0,0.0,28.08
010160,5.970000000000001,25.14,0.0,2.15,0.0,5.319999999999999,12.16,5.3999999999999995,0.0,0.0,6.879999999999999,0.37,0.0,0.0,0.0,0.0,0.0,0.21,6.1000000000000005,0.0,0.0,1.57,3.32,0.0,1.64,11.58,4.97,0.0,0.0
010235,1.0,43.82,0.0,21.83,8.15,0.0,14.870000000000001,0.0,0.0,0.01,0.0,0.0,0.0,2.35,0.0,0.0,0.0,0.0,2.1499999999999995,0.01,0.0,0.0,0.0,0.0,0.0,0.0,0.0,0.0,0.0
010245,0.0,0.27,0.0,0.0,0.0,0.0,0.06999999999999999,4.499999999999999,0.01,1.17,8.68,4.27,0.0,58.99000000000001,1.21,3.3000000000000003,0.0,4.75,0.05,0.0,1.29,0.0,0.0,0.0,0.0,3.2199999999999998,0.0,0.0,0.0
010434,0.0,4.02,0.0,0.0,0.0,0.0,0.0,0.0,0.0,0.0,0.0,0.0,0.0,2.77,0.0,40.01,0.0,0.0,0.0,3.6,0.0,0.0,0.0,0.0,0.0,0.0,0.0,0.0,0.0
010685,0.0,0.0,0.0,0.0,0.0,0.0,0.0,0.02,0.01,0.0,0.0,0.0,0.02,0.0,0.0,93.99000000000001,0.0,0.0,0.0,0.0,0.0,0.01,0.0,0.0,0.0,0.0,0.03,0.0,0.0
010812,0.0,0.03,0.0,0.0,0.0,0.0,19.1,5.13,2.61,1.79,2.05,0.0,0.060000000000000005,17.619999999999997,0.01,28.88,0.0,9.92,0.66,0.06999999999999999,0.0,0.04,0.02,1.21,1.38,0.0,1.53,0.0,0.0
011125,0.0,2.01,0.0,4.91,0.0,0.0,2.7,8.29,2.63,3.89,0.0,0.0,7.26,2.49,0.0,2.8199999999999994,0.0,11.219999999999999,7.819999999999999,0.0,7.43,0.0,3.19,8.39,2.79,6.08,2.11,0.0,0.0
110022,0.0,0.0,0.0,0.0,0.0,0.0,0.0,0.0,0.0,4.4799999999999995,14.19,1.49,2.47,58.83,0.0,2.19,0.0,4.5,0.0,0.0,0.0,0.0,0.0,0.0,0.0,0.0,0.0,0.0,0.0
160127,0.0,0.05,0.0,0.0,0.0,0.0,0.05,0.01,0.0,10.04,5.42,4.79,3.13,33.67,0.0,11.639999999999999,0.0,4.79,2.62,0.0,2.94,0.06,0.0,0.0,0.0,0.0,0.0,0.0,13.629999999999999
160133,0.0,3.39,0.0,0.0,0.71,0.0,5.539999999999999,4.9799999999999995,1.06,6.379999999999999,5.64,2.06,4.51,13.01,0.0,17.51,2.67,0.0,1.71,1.6600000000000001,14.190000000000001,0.0,1.3,1.4,0.29,1.41,0.0,0.0,0.0
160322,0.0,0.0,0.0,0.0,0.0,0.0,0.0,0.0,0.0,0.0,0.0,0.0,0.0,0.0,0.0,0.0,0.0,0.0,0.0,0.0,0.0,0.0,0.0,0.0,0.0,0.0,0.0,0.0,91.7
160919,0.0,11.439999999999998,0.0,3.64,0.0,0.0,6.030000000000001,9.209999999999997,14.84,1.92,5.970000000000001,0.0,8.77,1.05,0.01,7.879999999999999,0.0,0.0,19.810000000000002,0.01,0.0,0.02,0.05,0.0,0.0,0.0,0.0,0.0,0.0
162107,0.0,14.91,0.0,1.73,6.06,0.0,8.200000000000001,1.43,3.15,6.35,0.0,0.0,0.0,14.809999999999999,0.0,14.34,0.0,0.0,10.770000000000001,3.67,0.0,0.0,5.34,0.39,0.0,0.98,1.65,0.0,0.0
162208,0.0,7.65,0.0,4.09,2.69,0.0,12.49,10.37,0.73,4.51,2.51,0.0,4.98,7.4,0.0,18.98,0.0,3.77,4.0699999999999985,6.5,0.0,0.0,0.0,0.72,0.0,2.02,1.14,0.0,0.0
163110,1.1600000000000001,7.15,2.54,2.7800000000000002,8.75,1.42,5.580000000000001,1.7900000000000003,0.05,1.9399999999999997,6.109999999999999,3.1800000000000006,0.8699999999999999,4.510000000000001,0.76,8.28,0.0,0.62,12.48,1.47,6.68,1.49,0.42,0.12,0.61,5.34,6.75,0.0,0.0
164205,0.0,0.12,0.0,0.0,0.0,0.0,0.0,3.52,0.0,0.01,27.02,33.970000000000006,25.979999999999997,0.0,0.0,0.22999999999999998,0.0,0.0,0.12,0.0,0.0,0.1,0.0,0.0,0.0,0.0,0.0,3.69,0.0
167702,3.37,3.8,2.19,2.6,3.2300000000000004,1.75,0.75,0.5,3.65,2.6599999999999997,1.15,0.0,3.16,7.43,1.54,9.179999999999998,0.0,0.0,8.370000000000001,2.89,1.39,0.59,2.9399999999999995,0.74,3.1100000000000003,9.9,13.98,0.0,0.0
167703,3.37,3.8,2.19,2.6,3.2300000000000004,1.75,0.75,0.5,3.65,2.6599999999999997,1.15,0.0,3.16,7.43,1.54,9.179999999999998,0.0,0.0,8.370000000000001,2.89,1.39,0.59,2.9399999999999995,0.74,3.1100000000000003,9.9,13.98,0.0,0.0
167705,2.26,3.86,2.46,6.3100000000000005,3.75,1.76,6.99,5.76,5.84,3.43,1.79,1.16,1.5699999999999998,4.26,1.59,7.220000000000001,1.62,0.46,6.2299999999999995,3.83,3.8700000000000006,0.43,2.99,3.14,1.53,1.02,4.359999999999999,2.8000000000000003,0.0
167706,2.26,3.86,2.46,6.3100000000000005,3.75,1.76,6.99,5.76,5.84,3.43,1.79,1.16,1.5699999999999998,4.26,1.59,7.220000000000001,1.62,0.46,6.2299999999999995,3.83,3.8700000000000006,0.43,2.99,3.14,1.53,1.02,4.359999999999999,2.8000000000000003,0.0
206012,0.0,5.31,2.56,1.9,4.47,0.0,25.290000000000003,1.95,5.64,6.55,2.7399999999999998,0.0,0.060000000000000005,9.9,0.0,9.109999999999998,0.0,0.0,15.86,0.05,0.0,0.01,0.01,1.71,0.15,0.28,0.42,0.0,0.0
240005,5.41,5.17,0.0,5.58,0.0,0.0,0.03,0.05,0.0,2.9299999999999997,0.0,0.0,0.05,0.0,0.0,1.1,1.06,0.0,9.54,0.0,0.0,0.0,0.52,4.369999999999999,15.67,21.32,18.36,0.0,0.0
320020,2.08,5.23,0.19,0.0,1.44,6.789999999999999,0.01,1.0999999999999999,0.0,1.3,0.4,0.0,0.0,2.6999999999999997,0.0,3.08,0.0,0.0,4.359999999999999,0.42000000000000004,3.9800000000000004,0.2,6.840000000000001,4.359999999999999,13.099999999999998,7.98,12.71,0.0,0.0
320022,0.9,8.63,0.0,5.069999999999999,3.92,0.34,11.479999999999997,5.85,0.57,1.54,1.61,4.59,2.34,8.54,0.6799999999999999,11.429999999999998,0.0,2.44,7.210000000000001,1.1300000000000001,0.36,3.9000000000000004,0.4,1.1400000000000001,0.0,5.37,2.9899999999999998,0.0,0.0
340006,0.0,2.7,0.0,7.47,0.0,0.0,1.43,1.6400000000000001,3.65,0.0,4.21,0.31,0.04,3.7600000000000002,0.0,18.74,0.95,0.76,14.79,10.879999999999999,8.81,0.0,0.0,0.0,1.73,5.45,4.4,0.0,0.0
360001,1.79,3.01,0.0,0.1,3.28,0.0,4.34,3.63,3.03,3.1900000000000004,2.89,0.0,3.27,10.540000000000001,0.0,6.33,0.0,0.45,7.51,1.5699999999999998,6.16,0.0,3.29,3.09,2.65,10.329999999999998,13.15,0.0,0.0
376510,0.0,2.0999999999999996,0.0,8.51,0.0,0.0,1.13,9.59,4.14,8.1,4.0,0.7,0.03,13.79,0.0,7.72,0.0,0.0,8.35,2.61,0.0,0.0,2.23,0.0,0.0,5.14,11.18,0.0,0.0
399011,0.0,0.0,0.0,0.0,0.0,0.0,0.02,0.13,0.03,0.0,0.0,0.0,0.03,0.0,0.0,90.63,0.0,0.0,0.0,0.01,0.0,0.01,0.0,0.0,0.0,0.0,0.0,0.0,0.0
450009,0.0,13.79,0.0,1.59,0.0,0.0,5.33,0.01,0.0,5.38,3.07,5.89,8.18,9.0,0.0,9.83,0.0,0.0,1.82,1.09,0.0,0.0,0.0,2.14,1.38,19.66,0.81,0.0,0.0
519193,0.0,8.18,0.0,0.0,0.0,0.0,5.090000000000001,6.069999999999999,0.02,4.8,8.55,0.0,0.3,3.8399999999999994,0.0,0.61,0.0,0.0,4.609999999999999,4.91,6.209999999999999,0.03,0.0,0.0,0.0,18.52,18.630000000000003,0.0,0.0
519606,0.0,6.71,0.0,9.06,0.0,0.0,1.92,1.6600000000000001,0.0,4.17,0.85,4.550000000000001,0.04,7.809999999999999,0.63,19.12,0.0,3.18,17.599999999999998,8.649999999999999,0.0,0.0,4.27,0.0,0.0,0.0,3.77,0.0,0.0
519673,0.0,3.04,0.0,0.5,4.28,0.0,6.2299999999999995,2.0,0.0,0.1,0.0,2.85,1.6700000000000002,11.14,0.0,17.470000000000006,0.0,6.699999999999999,6.909999999999999,6.069999999999999,3.3499999999999996,0.0,0.01,0.34,0.0,5.04,4.43,0.0,0.0
519714,0.0,1.99,0.0,0.0,4.0,0.0,0.01,1.0,0.0,0.0,2.28,0.81,0.02,44.53000000000001,0.5,11.809999999999999,0.0,5.7,0.12000000000000001,0.35,0.0,0.68,0.01,0.78,7.5,0.0,2.76,0.0,0.0
519935,0.0,0.03,0.01,4.859999999999999,0.0,0.01,12.44,1.21,5.72,0.0,0.0,0.0,0.0,0.03,0.02,6.81,0.0,0.01,27.620000000000005,31.820000000000004,0.0,0.01,0.03,0.01,0.0,0.0,4.68,0.0,0.0
519965,1.88,2.9799999999999995,0.0,2.7600000000000002,0.0,0.36,7.109999999999999,6.79,0.01,1.41,5.709999999999999,0.0,0.05,13.23,1.05,3.39,0.0,4.3999999999999995,5.81,1.61,3.21,3.16,0.01,2.2399999999999998,0.0,11.36,15.059999999999999,0.0,0.0
519975,4.68,10.540000000000001,3.08,0.02,2.31,4.91,7.7799999999999985,7.2,0.12,0.01,3.8499999999999996,4.11,4.77,4.65,2.44,8.389999999999999,0.0,0.01,5.4399999999999995,3.6599999999999997,3.24,6.8100000000000005,2.4799999999999995,1.55,1.07,0.0,0.4,0.0,0.0
540006,0.0,11.53,0.0,0.0,3.5300000000000002,0.0,6.56,6.52,1.02,1.0,7.03,1.25,0.88,2.21,0.0,5.699999999999999,0.0,1.36,7.78,1.89,2.21,0.0,0.0,5.12,8.14,7.0,13.84,0.0,0.0
540007,0.0,6.01,0.0,10.82,0.0,0.0,1.7,2.59,33.940000000000005,2.34,2.96,0.0,4.88,2.0799999999999996,0.0,0.0,0.0,0.0,12.799999999999999,1.01,0.0,0.01,0.0,0.0,0.0,6.43,6.73,0.0,0.0
540008,3.03,18.009999999999998,0.31,31.98,0.0,0.03,15.159999999999998,11.82,2.5,1.47,0.0,0.06,0.01,0.0,0.0,0.0,0.0,0.0,2.31,1.58,0.14,0.0,2.35,0.0,1.0,0.0,1.8399999999999999,0.0,0.0
540009,0.0,4.68,0.0,0.0,0.0,0.0,0.0,0.98,0.01,14.01,9.58,7.49,5.18,16.61,0.07,8.279999999999998,0.0,0.0,1.29,0.01,5.91,0.03,0.02,3.12,4.38,0.0,4.3,0.0,0.0
540010,0.0,0.0,0.0,0.04,0.0,0.0,3.78,0.76,0.26,0.0,0.0,0.0,0.0,0.0,0.0,0.03,0.0,0.0,52.879999999999995,24.6,2.16,0.0,0.0,0.0,0.0,0.0,10.03,0.0,0.0
580008,0.0,6.879999999999999,0.0,13.629999999999999,0.0,0.0,17.77,2.1199999999999997,0.01,13.36,0.01,0.0,0.05,9.58,0.01,0.17,0.0,0.0,2.6399999999999997,0.01,0.0,0.01,0.0,0.0,0.0,3.67,15.270000000000001,0.0,3.33
671030,0.0,4.93,0.0,0.21,0.0,0.0,4.06,15.41,4.22,0.0,9.3,10.73,0.0,12.19,0.0,18.509999999999998,0.0,3.1,11.680000000000001,0.01,0.0,0.0,0.0,0.0,0.0,0.0,0.0,0.0,0.0
673090,0.6800000000000002,2.5699999999999994,0.45999999999999996,1.9500000000000002,1.1300000000000001,1.3,3.5199999999999996,2.0100000000000002,1.2800000000000002,2.9299999999999993,5.23,0.29000000000000004,2.02,12.91,0.01,9.569999999999999,0.34,1.26,9.43,2.84,1.85,1.09,1.44,2.4699999999999998,3.03,9.280000000000001,12.439999999999998,0.0,0.0
900030,0.0,5.429999999999999,0.0,0.67,0.22,0.0,6.420000000000001,7.26,1.23,1.7,1.82,0.58,3.01,13.709999999999999,0.0,11.719999999999999,0.0,2.41,6.01,4.739999999999999,2.66,0.0,0.0,1.17,0.66,8.450000000000001,10.01,0.44,0.0
920003,0.0,6.6499999999999995,0.0,6.140000000000001,0.0,0.0,7.180000000000001,7.4399999999999995,6.9399999999999995,4.02,0.0,1.48,0.0,0.0,0.0,1.39,0.0,0.0,34.7,7.67,4.38,0.0,0.0,0.0,0.0,0.0,5.87,0.0,0.0
920923,0.0,6.6499999999999995,0.0,6.140000000000001,0.0,0.0,7.180000000000001,7.4399999999999995,6.9399999999999995,4.02,0.0,1.48,0.0,0.0,0.0,1.39,0.0,0.0,34.7,7.67,4.38,0.0,0.0,0.0,0.0,0.0,5.87,0.0,0.0
